2026-01-27 14:16:05.190 [main] INFO  c.m.c.s.impl.ShowtimeServiceImpl - Поиск сеанса с ID: 1
2026-01-27 14:16:05.209 [main] INFO  c.m.c.s.impl.ShowtimeServiceImpl - Получение всех сеансов.
2026-01-27 14:16:05.213 [main] INFO  c.m.c.s.impl.ShowtimeServiceImpl - Поиск сеансов для театра: Test Theater
2026-01-27 14:16:05.217 [main] INFO  c.m.c.s.impl.ShowtimeServiceImpl - Сохранение сеанса с ID: 1
2026-01-27 14:16:05.219 [main] INFO  c.m.c.s.impl.ShowtimeServiceImpl - Общий кэш сеансов 'showtime::all' очищен при сохранении.
2026-01-27 14:16:05.219 [main] INFO  c.m.c.s.impl.ShowtimeServiceImpl - Кэш сеанса по ID '1' очищен при сохранении.
2026-01-27 14:16:05.221 [main] INFO  c.m.c.s.impl.ShowtimeServiceImpl - Получение всех сеансов.
2026-01-27 14:16:05.224 [main] INFO  c.m.c.s.impl.ShowtimeServiceImpl - Поиск сеанса с ID: 1
2026-01-27 14:16:05.227 [main] INFO  c.m.c.s.impl.ShowtimeServiceImpl - Поиск сеансов для театра: Test Theater
2026-01-27 14:16:05.229 [main] INFO  c.m.c.s.impl.ShowtimeServiceImpl - Поиск сеансов для фильма по названию: Test Movie
2026-01-27 14:16:05.235 [main] INFO  c.m.c.s.impl.ShowtimeServiceImpl - Поиск сеанса с ID: 1
2026-01-27 14:16:05.240 [main] INFO  c.m.c.s.impl.ShowtimeServiceImpl - Удаление сеанса с ID: 1
2026-01-27 14:16:05.240 [main] ERROR c.m.c.s.impl.ShowtimeServiceImpl - Сеанс с ID: 1 не найден для удаления.
2026-01-27 14:16:05.240 [main] ERROR c.m.c.e.CustomNotFoundException - Исключение CustomNotFoundException: Сеанс не найден с ID: 1
2026-01-27 14:16:05.248 [main] INFO  c.m.c.s.impl.ShowtimeServiceImpl - Поиск сеансов для фильма по названию: Test Movie
2026-01-27 14:16:05.250 [main] INFO  c.m.c.s.impl.ShowtimeServiceImpl - Удаление сеанса с ID: 1
2026-01-27 14:16:05.251 [main] INFO  c.m.c.s.impl.ShowtimeServiceImpl - Общий кэш сеансов 'showtime::all' очищен при удалении сеанса с ID: 1
2026-01-27 14:16:05.251 [main] INFO  c.m.c.s.impl.ShowtimeServiceImpl - Кэш сеанса по ID '1' очищен при удалении.
2026-01-27 14:16:05.251 [main] INFO  c.m.c.s.impl.ShowtimeServiceImpl - Кэш для списка билетов сеанса с ID '1' очищен при удалении.
2026-01-27 14:16:05.252 [main] WARN  c.m.c.s.impl.ShowtimeServiceImpl - Не удалось очистить кэш сеансов по ID фильма при удалении, так как Movie или его ID null.
2026-01-27 14:16:05.252 [main] INFO  c.m.c.s.impl.ShowtimeServiceImpl - Сеанс с ID: 1 успешно удален из БД и кэш очищен.
2026-01-27 14:16:05.309 [main] INFO  c.m.c.service.impl.TicketServiceImpl - Saving ticket with ID: 1
2026-01-27 14:16:05.310 [main] INFO  c.m.c.service.impl.TicketServiceImpl - Ticket successfully saved with ID: 1
2026-01-27 14:16:05.315 [main] INFO  c.m.c.service.impl.TicketServiceImpl - Deleting ticket with ID: 1
2026-01-27 14:16:05.316 [main] INFO  c.m.c.service.impl.TicketServiceImpl - Ticket with ID: 1 successfully deleted from DB.
2026-01-27 14:16:05.319 [main] INFO  c.m.c.service.impl.TicketServiceImpl - Finding tickets for showtime datetime: 2023-10-10T10:00:00
2026-01-27 14:16:05.319 [main] INFO  c.m.c.service.impl.TicketServiceImpl - Tickets for showtime datetime 2023-10-10T10:00:00 found in cache.
2026-01-27 14:16:05.323 [main] INFO  c.m.c.service.impl.TicketServiceImpl - Deleting ticket with ID: 1
2026-01-27 14:16:05.324 [main] WARN  c.m.c.service.impl.TicketServiceImpl - Ticket with ID: 1 not found for deletion.
2026-01-27 14:16:05.328 [main] INFO  c.m.c.service.impl.TicketServiceImpl - Finding tickets for seat ID: 1
2026-01-27 14:16:05.329 [main] INFO  c.m.c.service.impl.TicketServiceImpl - Tickets for seat ID 1 added to cache.
2026-01-27 14:16:05.332 [main] INFO  c.m.c.service.impl.TicketServiceImpl - Getting all tickets.
2026-01-27 14:16:05.332 [main] INFO  c.m.c.service.impl.TicketServiceImpl - All tickets found in cache.
2026-01-27 14:16:05.335 [main] INFO  c.m.c.service.impl.TicketServiceImpl - Finding tickets for seat ID: 1
2026-01-27 14:16:05.335 [main] INFO  c.m.c.service.impl.TicketServiceImpl - Tickets for seat ID 1 found in cache.
2026-01-27 14:16:05.337 [main] INFO  c.m.c.service.impl.TicketServiceImpl - Finding tickets for user: TestUser
2026-01-27 14:16:05.338 [main] INFO  c.m.c.service.impl.TicketServiceImpl - Tickets for user TestUser added to cache.
2026-01-27 14:16:05.341 [main] INFO  c.m.c.service.impl.TicketServiceImpl - Finding ticket by ID: 1
2026-01-27 14:16:05.341 [main] WARN  c.m.c.service.impl.TicketServiceImpl - Ticket with ID: 1 not found.
2026-01-27 14:16:05.344 [main] INFO  c.m.c.service.impl.TicketServiceImpl - Getting all tickets.
2026-01-27 14:16:05.345 [main] INFO  c.m.c.service.impl.TicketServiceImpl - All tickets added to cache.
2026-01-27 14:16:05.347 [main] INFO  c.m.c.service.impl.TicketServiceImpl - Finding ticket by ID: 1
2026-01-27 14:16:05.348 [main] INFO  c.m.c.service.impl.TicketServiceImpl - Ticket ID: 1 found in cache.
2026-01-27 14:16:05.350 [main] INFO  c.m.c.service.impl.TicketServiceImpl - Finding tickets for showtime datetime: 2023-10-10T10:00:00
2026-01-27 14:16:05.351 [main] INFO  c.m.c.service.impl.TicketServiceImpl - Tickets for showtime datetime 2023-10-10T10:00:00 added to cache.
2026-01-27 14:16:05.353 [main] INFO  c.m.c.service.impl.TicketServiceImpl - Finding tickets for user: TestUser
2026-01-27 14:16:05.354 [main] INFO  c.m.c.service.impl.TicketServiceImpl - Tickets for user TestUser found in cache.
2026-01-27 14:16:05.356 [main] INFO  c.m.c.service.impl.TicketServiceImpl - Finding ticket by ID: 1
2026-01-27 14:16:05.357 [main] INFO  c.m.c.service.impl.TicketServiceImpl - Ticket with ID: 1 added to cache.
2026-01-27 14:16:05.397 [main] DEBUG c.m.c.service.impl.UserServiceImpl - User object received in UserServiceImpl.save: com.matvey.cinema.model.entities.User@3a082ff4
2026-01-27 14:16:05.397 [main] DEBUG c.m.c.service.impl.UserServiceImpl - Password field in User object before saving: null
2026-01-27 14:16:05.397 [main] INFO  c.m.c.service.impl.UserServiceImpl - Пользователь с ID: 1 успешно сохранен и кэш очищен.
2026-01-27 14:16:05.399 [main] INFO  c.m.c.service.impl.UserServiceImpl - Получение всех пользователей.
2026-01-27 14:16:05.400 [main] INFO  c.m.c.service.impl.UserServiceImpl - Все пользователи найдены в кэше.
2026-01-27 14:16:05.402 [main] INFO  c.m.c.service.impl.UserServiceImpl - Поиск пользователя с ID: 1
2026-01-27 14:16:05.403 [main] INFO  c.m.c.service.impl.UserServiceImpl - Пользователь с ID: 1 добавлен в кэш.
2026-01-27 14:16:05.404 [main] INFO  c.m.c.service.impl.UserServiceImpl - Удаление пользователя с ID: 1
2026-01-27 14:16:05.405 [main] INFO  c.m.c.service.impl.UserServiceImpl - Пользователь с ID: 1 успешно удален и кэш очищен.
2026-01-27 14:16:05.407 [main] INFO  c.m.c.service.impl.UserServiceImpl - Поиск пользователя с ID: 1
2026-01-27 14:16:05.407 [main] ERROR c.m.c.e.CustomNotFoundException - Исключение CustomNotFoundException: Пользователь не найден с ID: 1
2026-01-27 14:16:05.409 [main] INFO  c.m.c.service.impl.UserServiceImpl - Поиск пользователя с ID: 1
2026-01-27 14:16:05.409 [main] INFO  c.m.c.service.impl.UserServiceImpl - Пользователь с ID: 1 найден в кэше.
2026-01-27 14:16:05.411 [main] INFO  c.m.c.service.impl.UserServiceImpl - Получение всех пользователей.
2026-01-27 14:16:05.412 [main] INFO  c.m.c.service.impl.UserServiceImpl - Все пользователи добавлены в кэш.
2026-01-27 14:16:05.414 [main] INFO  c.m.c.service.impl.UserServiceImpl - Удаление пользователя с ID: 1
2026-01-27 14:16:05.415 [main] ERROR c.m.c.e.CustomNotFoundException - Исключение CustomNotFoundException: Пользователь не найден с ID: 1
2026-01-27 14:16:05.449 [main] INFO  c.m.c.service.impl.MovieServiceImpl - Finding all movies.
2026-01-27 14:16:05.451 [main] INFO  c.m.c.service.impl.MovieServiceImpl - Finding all movies.
2026-01-27 14:16:05.454 [main] INFO  c.m.c.service.impl.MovieServiceImpl - Finding movie by ID: 1
2026-01-27 14:16:05.457 [main] INFO  c.m.c.service.impl.MovieServiceImpl - Saving movie with ID: 1
2026-01-27 14:16:05.457 [main] INFO  c.m.c.service.impl.MovieServiceImpl - Movie successfully saved with ID: 1
2026-01-27 14:16:05.460 [main] INFO  c.m.c.service.impl.MovieServiceImpl - Deleting movie with ID: 1
2026-01-27 14:16:05.460 [main] WARN  c.m.c.service.impl.MovieServiceImpl - Movie with ID: 1 not found for deletion.
2026-01-27 14:16:05.461 [main] ERROR c.m.c.e.CustomNotFoundException - Исключение CustomNotFoundException: Movie not found with ID: 1
2026-01-27 14:16:05.463 [main] INFO  c.m.c.service.impl.MovieServiceImpl - Deleting movie with ID: 1
2026-01-27 14:16:05.464 [main] WARN  c.m.c.service.impl.MovieServiceImpl - Movie with ID: 1 not found for deletion.
2026-01-27 14:16:05.464 [main] ERROR c.m.c.e.CustomNotFoundException - Исключение CustomNotFoundException: Movie not found with ID: 1
2026-01-27 14:16:05.466 [main] INFO  c.m.c.service.impl.MovieServiceImpl - Finding movie by ID: 1
2026-01-27 14:16:05.469 [main] INFO  c.m.c.service.impl.MovieServiceImpl - Finding movie by ID: 1
2026-01-27 14:16:05.500 [main] INFO  c.m.c.service.impl.SeatServiceImpl - Удаление места с ID: 1
2026-01-27 14:16:05.501 [main] ERROR c.m.c.e.CustomNotFoundException - Исключение CustomNotFoundException: Место не найдено с ID: 1
2026-01-27 14:16:05.502 [main] INFO  c.m.c.service.impl.SeatServiceImpl - Получение всех мест.
2026-01-27 14:16:05.503 [main] INFO  c.m.c.service.impl.SeatServiceImpl - Все места добавлены в кэш.
2026-01-27 14:16:05.504 [main] INFO  c.m.c.service.impl.SeatServiceImpl - Удаление места с ID: 1
2026-01-27 14:16:05.505 [main] INFO  c.m.c.service.impl.SeatServiceImpl - Место с ID: 1 успешно удалено и кэш очищен.
2026-01-27 14:16:05.507 [main] INFO  c.m.c.service.impl.SeatServiceImpl - Получение всех мест.
2026-01-27 14:16:05.508 [main] INFO  c.m.c.service.impl.SeatServiceImpl - Все места найдены в кэше.
2026-01-27 14:16:05.509 [main] INFO  c.m.c.service.impl.SeatServiceImpl - Поиск места с ID: 1
2026-01-27 14:16:05.509 [main] INFO  c.m.c.service.impl.SeatServiceImpl - Место с ID: 1 найдено в кэше.
2026-01-27 14:16:05.511 [main] INFO  c.m.c.service.impl.SeatServiceImpl - Место с ID: 1 успешно сохранено и кэш очищен.
2026-01-27 14:16:05.513 [main] INFO  c.m.c.service.impl.SeatServiceImpl - Поиск места с ID: 1
2026-01-27 14:16:05.514 [main] ERROR c.m.c.e.CustomNotFoundException - Исключение CustomNotFoundException: Место не найдено с ID: 1
2026-01-27 14:16:05.515 [main] INFO  c.m.c.service.impl.SeatServiceImpl - Поиск места с ID: 1
2026-01-27 14:16:05.516 [main] INFO  c.m.c.service.impl.SeatServiceImpl - Место с ID: 1 добавлено в кэш.
2026-01-27 14:16:05.544 [main] INFO  c.m.c.service.impl.ReviewServiceImpl - Finding reviews by user username: TestUser
2026-01-27 14:16:05.548 [main] INFO  c.m.c.service.impl.ReviewServiceImpl - Finding reviews by movie title: Inception
2026-01-27 14:16:05.550 [main] INFO  c.m.c.service.impl.ReviewServiceImpl - Finding reviews by user username: TestUser
2026-01-27 14:16:05.553 [main] INFO  c.m.c.service.impl.ReviewServiceImpl - Getting all reviews.
2026-01-27 14:16:05.555 [main] INFO  c.m.c.service.impl.ReviewServiceImpl - Finding reviews by movie title: Inception
2026-01-27 14:16:05.564 [main] INFO  c.m.c.service.impl.ReviewServiceImpl - Getting all reviews.
2026-01-27 14:16:05.591 [main] INFO  c.m.c.s.impl.TheaterServiceImpl - Удаление театра с ID: 1
2026-01-27 14:16:05.591 [main] ERROR c.m.c.s.impl.TheaterServiceImpl - Театр с ID: 1 не найден для удаления.
2026-01-27 14:16:05.591 [main] ERROR c.m.c.e.CustomNotFoundException - Исключение CustomNotFoundException: Театр не найден с ID: 1
2026-01-27 14:16:05.593 [main] INFO  c.m.c.s.impl.TheaterServiceImpl - Получение всех театров.
2026-01-27 14:16:05.593 [main] INFO  c.m.c.s.impl.TheaterServiceImpl - Все театры добавлены в кэш.
2026-01-27 14:16:05.595 [main] INFO  c.m.c.s.impl.TheaterServiceImpl - Получение всех театров.
2026-01-27 14:16:05.595 [main] INFO  c.m.c.s.impl.TheaterServiceImpl - Все театры найдены в кэше.
2026-01-27 14:16:05.598 [main] INFO  c.m.c.s.impl.TheaterServiceImpl - Поиск театра с ID: 1
2026-01-27 14:16:05.598 [main] INFO  c.m.c.s.impl.TheaterServiceImpl - Театр с ID: 1 найден в кэше.
2026-01-27 14:16:05.600 [main] INFO  c.m.c.s.impl.TheaterServiceImpl - Поиск театра с ID: 1
2026-01-27 14:16:05.600 [main] ERROR c.m.c.s.impl.TheaterServiceImpl - Театр с ID: 1 не найден.
2026-01-27 14:16:05.601 [main] ERROR c.m.c.e.CustomNotFoundException - Исключение CustomNotFoundException: Театр не найден с ID: 1
2026-01-27 14:16:05.603 [main] INFO  c.m.c.s.impl.TheaterServiceImpl - Поиск театра с ID: 1
2026-01-27 14:16:05.604 [main] INFO  c.m.c.s.impl.TheaterServiceImpl - Театр с ID: 1 добавлен в кэш.
2026-01-27 14:16:05.605 [main] INFO  c.m.c.s.impl.TheaterServiceImpl - Удаление театра с ID: 1
2026-01-27 14:16:05.606 [main] INFO  c.m.c.s.impl.TheaterServiceImpl - Театр с ID: 1 успешно удален и кэш очищен.
2026-01-27 14:16:05.608 [main] INFO  c.m.c.s.impl.TheaterServiceImpl - Театр с ID: 1 успешно сохранен и кэш очищен.
2026-01-27 16:16:44.939 [main] INFO  c.m.c.s.impl.ShowtimeServiceImpl - Поиск сеанса с ID: 1
2026-01-27 16:16:44.975 [main] INFO  c.m.c.s.impl.ShowtimeServiceImpl - Получение всех сеансов.
2026-01-27 16:16:44.982 [main] INFO  c.m.c.s.impl.ShowtimeServiceImpl - Поиск сеансов для театра: Test Theater
2026-01-27 16:16:44.989 [main] INFO  c.m.c.s.impl.ShowtimeServiceImpl - Сохранение сеанса с ID: 1
2026-01-27 16:16:44.992 [main] INFO  c.m.c.s.impl.ShowtimeServiceImpl - Общий кэш сеансов 'showtime::all' очищен при сохранении.
2026-01-27 16:16:44.992 [main] INFO  c.m.c.s.impl.ShowtimeServiceImpl - Кэш сеанса по ID '1' очищен при сохранении.
2026-01-27 16:16:44.997 [main] INFO  c.m.c.s.impl.ShowtimeServiceImpl - Получение всех сеансов.
2026-01-27 16:16:45.003 [main] INFO  c.m.c.s.impl.ShowtimeServiceImpl - Поиск сеанса с ID: 1
2026-01-27 16:16:45.009 [main] INFO  c.m.c.s.impl.ShowtimeServiceImpl - Поиск сеансов для театра: Test Theater
2026-01-27 16:16:45.013 [main] INFO  c.m.c.s.impl.ShowtimeServiceImpl - Поиск сеансов для фильма по названию: Test Movie
2026-01-27 16:16:45.022 [main] INFO  c.m.c.s.impl.ShowtimeServiceImpl - Поиск сеанса с ID: 1
2026-01-27 16:16:45.030 [main] INFO  c.m.c.s.impl.ShowtimeServiceImpl - Удаление сеанса с ID: 1
2026-01-27 16:16:45.031 [main] ERROR c.m.c.s.impl.ShowtimeServiceImpl - Сеанс с ID: 1 не найден для удаления.
2026-01-27 16:16:45.031 [main] ERROR c.m.c.e.CustomNotFoundException - Исключение CustomNotFoundException: Сеанс не найден с ID: 1
2026-01-27 16:16:45.043 [main] INFO  c.m.c.s.impl.ShowtimeServiceImpl - Поиск сеансов для фильма по названию: Test Movie
2026-01-27 16:16:45.047 [main] INFO  c.m.c.s.impl.ShowtimeServiceImpl - Удаление сеанса с ID: 1
2026-01-27 16:16:45.047 [main] INFO  c.m.c.s.impl.ShowtimeServiceImpl - Общий кэш сеансов 'showtime::all' очищен при удалении сеанса с ID: 1
2026-01-27 16:16:45.048 [main] INFO  c.m.c.s.impl.ShowtimeServiceImpl - Кэш сеанса по ID '1' очищен при удалении.
2026-01-27 16:16:45.048 [main] INFO  c.m.c.s.impl.ShowtimeServiceImpl - Кэш для списка билетов сеанса с ID '1' очищен при удалении.
2026-01-27 16:16:45.049 [main] WARN  c.m.c.s.impl.ShowtimeServiceImpl - Не удалось очистить кэш сеансов по ID фильма при удалении, так как Movie или его ID null.
2026-01-27 16:16:45.049 [main] INFO  c.m.c.s.impl.ShowtimeServiceImpl - Сеанс с ID: 1 успешно удален из БД и кэш очищен.
2026-01-27 16:16:45.160 [main] INFO  c.m.c.service.impl.TicketServiceImpl - Saving ticket with ID: 1
2026-01-27 16:16:45.160 [main] INFO  c.m.c.service.impl.TicketServiceImpl - Ticket successfully saved with ID: 1
2026-01-27 16:16:45.167 [main] INFO  c.m.c.service.impl.TicketServiceImpl - Deleting ticket with ID: 1
2026-01-27 16:16:45.169 [main] INFO  c.m.c.service.impl.TicketServiceImpl - Ticket with ID: 1 successfully deleted from DB.
2026-01-27 16:16:45.173 [main] INFO  c.m.c.service.impl.TicketServiceImpl - Finding tickets for showtime datetime: 2023-10-10T10:00:00
2026-01-27 16:16:45.174 [main] INFO  c.m.c.service.impl.TicketServiceImpl - Tickets for showtime datetime 2023-10-10T10:00:00 found in cache.
2026-01-27 16:16:45.180 [main] INFO  c.m.c.service.impl.TicketServiceImpl - Deleting ticket with ID: 1
2026-01-27 16:16:45.180 [main] WARN  c.m.c.service.impl.TicketServiceImpl - Ticket with ID: 1 not found for deletion.
2026-01-27 16:16:45.185 [main] INFO  c.m.c.service.impl.TicketServiceImpl - Finding tickets for seat ID: 1
2026-01-27 16:16:45.187 [main] INFO  c.m.c.service.impl.TicketServiceImpl - Tickets for seat ID 1 added to cache.
2026-01-27 16:16:45.191 [main] INFO  c.m.c.service.impl.TicketServiceImpl - Getting all tickets.
2026-01-27 16:16:45.191 [main] INFO  c.m.c.service.impl.TicketServiceImpl - All tickets found in cache.
2026-01-27 16:16:45.195 [main] INFO  c.m.c.service.impl.TicketServiceImpl - Finding tickets for seat ID: 1
2026-01-27 16:16:45.195 [main] INFO  c.m.c.service.impl.TicketServiceImpl - Tickets for seat ID 1 found in cache.
2026-01-27 16:16:45.200 [main] INFO  c.m.c.service.impl.TicketServiceImpl - Finding tickets for user: TestUser
2026-01-27 16:16:45.201 [main] INFO  c.m.c.service.impl.TicketServiceImpl - Tickets for user TestUser added to cache.
2026-01-27 16:16:45.214 [main] INFO  c.m.c.service.impl.TicketServiceImpl - Finding ticket by ID: 1
2026-01-27 16:16:45.215 [main] WARN  c.m.c.service.impl.TicketServiceImpl - Ticket with ID: 1 not found.
2026-01-27 16:16:45.218 [main] INFO  c.m.c.service.impl.TicketServiceImpl - Getting all tickets.
2026-01-27 16:16:45.219 [main] INFO  c.m.c.service.impl.TicketServiceImpl - All tickets added to cache.
2026-01-27 16:16:45.223 [main] INFO  c.m.c.service.impl.TicketServiceImpl - Finding ticket by ID: 1
2026-01-27 16:16:45.223 [main] INFO  c.m.c.service.impl.TicketServiceImpl - Ticket ID: 1 found in cache.
2026-01-27 16:16:45.228 [main] INFO  c.m.c.service.impl.TicketServiceImpl - Finding tickets for showtime datetime: 2023-10-10T10:00:00
2026-01-27 16:16:45.228 [main] INFO  c.m.c.service.impl.TicketServiceImpl - Tickets for showtime datetime 2023-10-10T10:00:00 added to cache.
2026-01-27 16:16:45.233 [main] INFO  c.m.c.service.impl.TicketServiceImpl - Finding tickets for user: TestUser
2026-01-27 16:16:45.234 [main] INFO  c.m.c.service.impl.TicketServiceImpl - Tickets for user TestUser found in cache.
2026-01-27 16:16:45.238 [main] INFO  c.m.c.service.impl.TicketServiceImpl - Finding ticket by ID: 1
2026-01-27 16:16:45.239 [main] INFO  c.m.c.service.impl.TicketServiceImpl - Ticket with ID: 1 added to cache.
2026-01-27 16:16:45.299 [main] DEBUG c.m.c.service.impl.UserServiceImpl - User object received in UserServiceImpl.save: com.matvey.cinema.model.entities.User@48528634
2026-01-27 16:16:45.300 [main] DEBUG c.m.c.service.impl.UserServiceImpl - Password field in User object before saving: null
2026-01-27 16:16:45.301 [main] INFO  c.m.c.service.impl.UserServiceImpl - Пользователь с ID: 1 успешно сохранен и кэш очищен.
2026-01-27 16:16:45.304 [main] INFO  c.m.c.service.impl.UserServiceImpl - Получение всех пользователей.
2026-01-27 16:16:45.305 [main] INFO  c.m.c.service.impl.UserServiceImpl - Все пользователи найдены в кэше.
2026-01-27 16:16:45.310 [main] INFO  c.m.c.service.impl.UserServiceImpl - Поиск пользователя с ID: 1
2026-01-27 16:16:45.312 [main] INFO  c.m.c.service.impl.UserServiceImpl - Пользователь с ID: 1 добавлен в кэш.
2026-01-27 16:16:45.315 [main] INFO  c.m.c.service.impl.UserServiceImpl - Удаление пользователя с ID: 1
2026-01-27 16:16:45.316 [main] INFO  c.m.c.service.impl.UserServiceImpl - Пользователь с ID: 1 успешно удален и кэш очищен.
2026-01-27 16:16:45.321 [main] INFO  c.m.c.service.impl.UserServiceImpl - Поиск пользователя с ID: 1
2026-01-27 16:16:45.322 [main] ERROR c.m.c.e.CustomNotFoundException - Исключение CustomNotFoundException: Пользователь не найден с ID: 1
2026-01-27 16:16:45.325 [main] INFO  c.m.c.service.impl.UserServiceImpl - Поиск пользователя с ID: 1
2026-01-27 16:16:45.326 [main] INFO  c.m.c.service.impl.UserServiceImpl - Пользователь с ID: 1 найден в кэше.
2026-01-27 16:16:45.329 [main] INFO  c.m.c.service.impl.UserServiceImpl - Получение всех пользователей.
2026-01-27 16:16:45.330 [main] INFO  c.m.c.service.impl.UserServiceImpl - Все пользователи добавлены в кэш.
2026-01-27 16:16:45.334 [main] INFO  c.m.c.service.impl.UserServiceImpl - Удаление пользователя с ID: 1
2026-01-27 16:16:45.335 [main] ERROR c.m.c.e.CustomNotFoundException - Исключение CustomNotFoundException: Пользователь не найден с ID: 1
2026-01-27 16:16:45.385 [main] INFO  c.m.c.service.impl.MovieServiceImpl - Finding all movies.
2026-01-27 16:16:45.388 [main] INFO  c.m.c.service.impl.MovieServiceImpl - Finding all movies.
2026-01-27 16:16:45.393 [main] INFO  c.m.c.service.impl.MovieServiceImpl - Finding movie by ID: 1
2026-01-27 16:16:45.396 [main] INFO  c.m.c.service.impl.MovieServiceImpl - Saving movie with ID: 1
2026-01-27 16:16:45.397 [main] INFO  c.m.c.service.impl.MovieServiceImpl - Movie successfully saved with ID: 1
2026-01-27 16:16:45.402 [main] INFO  c.m.c.service.impl.MovieServiceImpl - Deleting movie with ID: 1
2026-01-27 16:16:45.403 [main] WARN  c.m.c.service.impl.MovieServiceImpl - Movie with ID: 1 not found for deletion.
2026-01-27 16:16:45.403 [main] ERROR c.m.c.e.CustomNotFoundException - Исключение CustomNotFoundException: Movie not found with ID: 1
2026-01-27 16:16:45.407 [main] INFO  c.m.c.service.impl.MovieServiceImpl - Deleting movie with ID: 1
2026-01-27 16:16:45.407 [main] WARN  c.m.c.service.impl.MovieServiceImpl - Movie with ID: 1 not found for deletion.
2026-01-27 16:16:45.407 [main] ERROR c.m.c.e.CustomNotFoundException - Исключение CustomNotFoundException: Movie not found with ID: 1
2026-01-27 16:16:45.410 [main] INFO  c.m.c.service.impl.MovieServiceImpl - Finding movie by ID: 1
2026-01-27 16:16:45.414 [main] INFO  c.m.c.service.impl.MovieServiceImpl - Finding movie by ID: 1
2026-01-27 16:16:45.470 [main] INFO  c.m.c.service.impl.SeatServiceImpl - Удаление места с ID: 1
2026-01-27 16:16:45.471 [main] ERROR c.m.c.e.CustomNotFoundException - Исключение CustomNotFoundException: Место не найдено с ID: 1
2026-01-27 16:16:45.475 [main] INFO  c.m.c.service.impl.SeatServiceImpl - Получение всех мест.
2026-01-27 16:16:45.476 [main] INFO  c.m.c.service.impl.SeatServiceImpl - Все места добавлены в кэш.
2026-01-27 16:16:45.479 [main] INFO  c.m.c.service.impl.SeatServiceImpl - Удаление места с ID: 1
2026-01-27 16:16:45.480 [main] INFO  c.m.c.service.impl.SeatServiceImpl - Место с ID: 1 успешно удалено и кэш очищен.
2026-01-27 16:16:45.484 [main] INFO  c.m.c.service.impl.SeatServiceImpl - Получение всех мест.
2026-01-27 16:16:45.484 [main] INFO  c.m.c.service.impl.SeatServiceImpl - Все места найдены в кэше.
2026-01-27 16:16:45.487 [main] INFO  c.m.c.service.impl.SeatServiceImpl - Поиск места с ID: 1
2026-01-27 16:16:45.487 [main] INFO  c.m.c.service.impl.SeatServiceImpl - Место с ID: 1 найдено в кэше.
2026-01-27 16:16:45.491 [main] INFO  c.m.c.service.impl.SeatServiceImpl - Место с ID: 1 успешно сохранено и кэш очищен.
2026-01-27 16:16:45.495 [main] INFO  c.m.c.service.impl.SeatServiceImpl - Поиск места с ID: 1
2026-01-27 16:16:45.496 [main] ERROR c.m.c.e.CustomNotFoundException - Исключение CustomNotFoundException: Место не найдено с ID: 1
2026-01-27 16:16:45.499 [main] INFO  c.m.c.service.impl.SeatServiceImpl - Поиск места с ID: 1
2026-01-27 16:16:45.500 [main] INFO  c.m.c.service.impl.SeatServiceImpl - Место с ID: 1 добавлено в кэш.
2026-01-27 16:16:45.546 [main] INFO  c.m.c.service.impl.ReviewServiceImpl - Finding reviews by user username: TestUser
2026-01-27 16:16:45.553 [main] INFO  c.m.c.service.impl.ReviewServiceImpl - Finding reviews by movie title: Inception
2026-01-27 16:16:45.558 [main] INFO  c.m.c.service.impl.ReviewServiceImpl - Finding reviews by user username: TestUser
2026-01-27 16:16:45.562 [main] INFO  c.m.c.service.impl.ReviewServiceImpl - Getting all reviews.
2026-01-27 16:16:45.566 [main] INFO  c.m.c.service.impl.ReviewServiceImpl - Finding reviews by movie title: Inception
2026-01-27 16:16:45.580 [main] INFO  c.m.c.service.impl.ReviewServiceImpl - Getting all reviews.
2026-01-27 16:16:45.647 [main] INFO  c.m.c.s.impl.TheaterServiceImpl - Удаление театра с ID: 1
2026-01-27 16:16:45.648 [main] ERROR c.m.c.s.impl.TheaterServiceImpl - Театр с ID: 1 не найден для удаления.
2026-01-27 16:16:45.648 [main] ERROR c.m.c.e.CustomNotFoundException - Исключение CustomNotFoundException: Театр не найден с ID: 1
2026-01-27 16:16:45.652 [main] INFO  c.m.c.s.impl.TheaterServiceImpl - Получение всех театров.
2026-01-27 16:16:45.652 [main] INFO  c.m.c.s.impl.TheaterServiceImpl - Все театры добавлены в кэш.
2026-01-27 16:16:45.655 [main] INFO  c.m.c.s.impl.TheaterServiceImpl - Получение всех театров.
2026-01-27 16:16:45.655 [main] INFO  c.m.c.s.impl.TheaterServiceImpl - Все театры найдены в кэше.
2026-01-27 16:16:45.658 [main] INFO  c.m.c.s.impl.TheaterServiceImpl - Поиск театра с ID: 1
2026-01-27 16:16:45.659 [main] INFO  c.m.c.s.impl.TheaterServiceImpl - Театр с ID: 1 найден в кэше.
2026-01-27 16:16:45.663 [main] INFO  c.m.c.s.impl.TheaterServiceImpl - Поиск театра с ID: 1
2026-01-27 16:16:45.664 [main] ERROR c.m.c.s.impl.TheaterServiceImpl - Театр с ID: 1 не найден.
2026-01-27 16:16:45.664 [main] ERROR c.m.c.e.CustomNotFoundException - Исключение CustomNotFoundException: Театр не найден с ID: 1
2026-01-27 16:16:45.667 [main] INFO  c.m.c.s.impl.TheaterServiceImpl - Поиск театра с ID: 1
2026-01-27 16:16:45.668 [main] INFO  c.m.c.s.impl.TheaterServiceImpl - Театр с ID: 1 добавлен в кэш.
2026-01-27 16:16:45.672 [main] INFO  c.m.c.s.impl.TheaterServiceImpl - Удаление театра с ID: 1
2026-01-27 16:16:45.673 [main] INFO  c.m.c.s.impl.TheaterServiceImpl - Театр с ID: 1 успешно удален и кэш очищен.
2026-01-27 16:16:45.677 [main] INFO  c.m.c.s.impl.TheaterServiceImpl - Театр с ID: 1 успешно сохранен и кэш очищен.
2026-01-27 18:16:14.674 [main] INFO  c.m.c.s.impl.ShowtimeServiceImpl - Поиск сеанса с ID: 1
2026-01-27 18:16:14.705 [main] INFO  c.m.c.s.impl.ShowtimeServiceImpl - Получение всех сеансов.
2026-01-27 18:16:14.709 [main] INFO  c.m.c.s.impl.ShowtimeServiceImpl - Поиск сеансов для театра: Test Theater
2026-01-27 18:16:14.715 [main] INFO  c.m.c.s.impl.ShowtimeServiceImpl - Сохранение сеанса с ID: 1
2026-01-27 18:16:14.717 [main] INFO  c.m.c.s.impl.ShowtimeServiceImpl - Общий кэш сеансов 'showtime::all' очищен при сохранении.
2026-01-27 18:16:14.717 [main] INFO  c.m.c.s.impl.ShowtimeServiceImpl - Кэш сеанса по ID '1' очищен при сохранении.
2026-01-27 18:16:14.722 [main] INFO  c.m.c.s.impl.ShowtimeServiceImpl - Получение всех сеансов.
2026-01-27 18:16:14.726 [main] INFO  c.m.c.s.impl.ShowtimeServiceImpl - Поиск сеанса с ID: 1
2026-01-27 18:16:14.729 [main] INFO  c.m.c.s.impl.ShowtimeServiceImpl - Поиск сеансов для театра: Test Theater
2026-01-27 18:16:14.733 [main] INFO  c.m.c.s.impl.ShowtimeServiceImpl - Поиск сеансов для фильма по названию: Test Movie
2026-01-27 18:16:14.741 [main] INFO  c.m.c.s.impl.ShowtimeServiceImpl - Поиск сеанса с ID: 1
2026-01-27 18:16:14.747 [main] INFO  c.m.c.s.impl.ShowtimeServiceImpl - Удаление сеанса с ID: 1
2026-01-27 18:16:14.748 [main] ERROR c.m.c.s.impl.ShowtimeServiceImpl - Сеанс с ID: 1 не найден для удаления.
2026-01-27 18:16:14.748 [main] ERROR c.m.c.e.CustomNotFoundException - Исключение CustomNotFoundException: Сеанс не найден с ID: 1
2026-01-27 18:16:14.760 [main] INFO  c.m.c.s.impl.ShowtimeServiceImpl - Поиск сеансов для фильма по названию: Test Movie
2026-01-27 18:16:14.763 [main] INFO  c.m.c.s.impl.ShowtimeServiceImpl - Удаление сеанса с ID: 1
2026-01-27 18:16:14.764 [main] INFO  c.m.c.s.impl.ShowtimeServiceImpl - Общий кэш сеансов 'showtime::all' очищен при удалении сеанса с ID: 1
2026-01-27 18:16:14.764 [main] INFO  c.m.c.s.impl.ShowtimeServiceImpl - Кэш сеанса по ID '1' очищен при удалении.
2026-01-27 18:16:14.765 [main] INFO  c.m.c.s.impl.ShowtimeServiceImpl - Кэш для списка билетов сеанса с ID '1' очищен при удалении.
2026-01-27 18:16:14.766 [main] WARN  c.m.c.s.impl.ShowtimeServiceImpl - Не удалось очистить кэш сеансов по ID фильма при удалении, так как Movie или его ID null.
2026-01-27 18:16:14.766 [main] INFO  c.m.c.s.impl.ShowtimeServiceImpl - Сеанс с ID: 1 успешно удален из БД и кэш очищен.
2026-01-27 18:16:14.847 [main] INFO  c.m.c.service.impl.ReviewServiceImpl - Finding reviews by user username: TestUser
2026-01-27 18:16:14.854 [main] INFO  c.m.c.service.impl.ReviewServiceImpl - Finding reviews by movie title: Inception
2026-01-27 18:16:14.859 [main] INFO  c.m.c.service.impl.ReviewServiceImpl - Finding reviews by user username: TestUser
2026-01-27 18:16:14.864 [main] INFO  c.m.c.service.impl.ReviewServiceImpl - Getting all reviews.
2026-01-27 18:16:14.868 [main] INFO  c.m.c.service.impl.ReviewServiceImpl - Finding reviews by movie title: Inception
2026-01-27 18:16:14.879 [main] INFO  c.m.c.service.impl.ReviewServiceImpl - Getting all reviews.
2026-01-27 18:16:14.946 [main] DEBUG c.m.c.service.impl.UserServiceImpl - User object received in UserServiceImpl.save: com.matvey.cinema.model.entities.User@6115846e
2026-01-27 18:16:14.947 [main] DEBUG c.m.c.service.impl.UserServiceImpl - Password field in User object before saving: null
2026-01-27 18:16:14.947 [main] INFO  c.m.c.service.impl.UserServiceImpl - Пользователь с ID: 1 успешно сохранен и кэш очищен.
2026-01-27 18:16:14.951 [main] INFO  c.m.c.service.impl.UserServiceImpl - Получение всех пользователей.
2026-01-27 18:16:14.952 [main] INFO  c.m.c.service.impl.UserServiceImpl - Все пользователи найдены в кэше.
2026-01-27 18:16:14.954 [main] INFO  c.m.c.service.impl.UserServiceImpl - Поиск пользователя с ID: 1
2026-01-27 18:16:14.955 [main] INFO  c.m.c.service.impl.UserServiceImpl - Пользователь с ID: 1 добавлен в кэш.
2026-01-27 18:16:14.959 [main] INFO  c.m.c.service.impl.UserServiceImpl - Удаление пользователя с ID: 1
2026-01-27 18:16:14.960 [main] INFO  c.m.c.service.impl.UserServiceImpl - Пользователь с ID: 1 успешно удален и кэш очищен.
2026-01-27 18:16:14.963 [main] INFO  c.m.c.service.impl.UserServiceImpl - Поиск пользователя с ID: 1
2026-01-27 18:16:14.964 [main] ERROR c.m.c.e.CustomNotFoundException - Исключение CustomNotFoundException: Пользователь не найден с ID: 1
2026-01-27 18:16:14.966 [main] INFO  c.m.c.service.impl.UserServiceImpl - Поиск пользователя с ID: 1
2026-01-27 18:16:14.967 [main] INFO  c.m.c.service.impl.UserServiceImpl - Пользователь с ID: 1 найден в кэше.
2026-01-27 18:16:14.971 [main] INFO  c.m.c.service.impl.UserServiceImpl - Получение всех пользователей.
2026-01-27 18:16:14.971 [main] INFO  c.m.c.service.impl.UserServiceImpl - Все пользователи добавлены в кэш.
2026-01-27 18:16:14.982 [main] INFO  c.m.c.service.impl.UserServiceImpl - Удаление пользователя с ID: 1
2026-01-27 18:16:14.983 [main] ERROR c.m.c.e.CustomNotFoundException - Исключение CustomNotFoundException: Пользователь не найден с ID: 1
2026-01-27 18:16:15.046 [main] INFO  c.m.c.service.impl.SeatServiceImpl - Удаление места с ID: 1
2026-01-27 18:16:15.047 [main] ERROR c.m.c.e.CustomNotFoundException - Исключение CustomNotFoundException: Место не найдено с ID: 1
2026-01-27 18:16:15.050 [main] INFO  c.m.c.service.impl.SeatServiceImpl - Получение всех мест.
2026-01-27 18:16:15.051 [main] INFO  c.m.c.service.impl.SeatServiceImpl - Все места добавлены в кэш.
2026-01-27 18:16:15.054 [main] INFO  c.m.c.service.impl.SeatServiceImpl - Удаление места с ID: 1
2026-01-27 18:16:15.055 [main] INFO  c.m.c.service.impl.SeatServiceImpl - Место с ID: 1 успешно удалено и кэш очищен.
2026-01-27 18:16:15.059 [main] INFO  c.m.c.service.impl.SeatServiceImpl - Получение всех мест.
2026-01-27 18:16:15.059 [main] INFO  c.m.c.service.impl.SeatServiceImpl - Все места найдены в кэше.
2026-01-27 18:16:15.061 [main] INFO  c.m.c.service.impl.SeatServiceImpl - Поиск места с ID: 1
2026-01-27 18:16:15.062 [main] INFO  c.m.c.service.impl.SeatServiceImpl - Место с ID: 1 найдено в кэше.
2026-01-27 18:16:15.065 [main] INFO  c.m.c.service.impl.SeatServiceImpl - Место с ID: 1 успешно сохранено и кэш очищен.
2026-01-27 18:16:15.068 [main] INFO  c.m.c.service.impl.SeatServiceImpl - Поиск места с ID: 1
2026-01-27 18:16:15.069 [main] ERROR c.m.c.e.CustomNotFoundException - Исключение CustomNotFoundException: Место не найдено с ID: 1
2026-01-27 18:16:15.071 [main] INFO  c.m.c.service.impl.SeatServiceImpl - Поиск места с ID: 1
2026-01-27 18:16:15.072 [main] INFO  c.m.c.service.impl.SeatServiceImpl - Место с ID: 1 добавлено в кэш.
2026-01-27 18:16:15.126 [main] INFO  c.m.c.s.impl.TheaterServiceImpl - Удаление театра с ID: 1
2026-01-27 18:16:15.127 [main] ERROR c.m.c.s.impl.TheaterServiceImpl - Театр с ID: 1 не найден для удаления.
2026-01-27 18:16:15.127 [main] ERROR c.m.c.e.CustomNotFoundException - Исключение CustomNotFoundException: Театр не найден с ID: 1
2026-01-27 18:16:15.129 [main] INFO  c.m.c.s.impl.TheaterServiceImpl - Получение всех театров.
2026-01-27 18:16:15.130 [main] INFO  c.m.c.s.impl.TheaterServiceImpl - Все театры добавлены в кэш.
2026-01-27 18:16:15.132 [main] INFO  c.m.c.s.impl.TheaterServiceImpl - Получение всех театров.
2026-01-27 18:16:15.133 [main] INFO  c.m.c.s.impl.TheaterServiceImpl - Все театры найдены в кэше.
2026-01-27 18:16:15.135 [main] INFO  c.m.c.s.impl.TheaterServiceImpl - Поиск театра с ID: 1
2026-01-27 18:16:15.135 [main] INFO  c.m.c.s.impl.TheaterServiceImpl - Театр с ID: 1 найден в кэше.
2026-01-27 18:16:15.138 [main] INFO  c.m.c.s.impl.TheaterServiceImpl - Поиск театра с ID: 1
2026-01-27 18:16:15.139 [main] ERROR c.m.c.s.impl.TheaterServiceImpl - Театр с ID: 1 не найден.
2026-01-27 18:16:15.139 [main] ERROR c.m.c.e.CustomNotFoundException - Исключение CustomNotFoundException: Театр не найден с ID: 1
2026-01-27 18:16:15.142 [main] INFO  c.m.c.s.impl.TheaterServiceImpl - Поиск театра с ID: 1
2026-01-27 18:16:15.143 [main] INFO  c.m.c.s.impl.TheaterServiceImpl - Театр с ID: 1 добавлен в кэш.
2026-01-27 18:16:15.147 [main] INFO  c.m.c.s.impl.TheaterServiceImpl - Удаление театра с ID: 1
2026-01-27 18:16:15.148 [main] INFO  c.m.c.s.impl.TheaterServiceImpl - Театр с ID: 1 успешно удален и кэш очищен.
2026-01-27 18:16:15.152 [main] INFO  c.m.c.s.impl.TheaterServiceImpl - Театр с ID: 1 успешно сохранен и кэш очищен.
2026-01-27 18:16:15.202 [main] INFO  c.m.c.service.impl.MovieServiceImpl - Finding all movies.
2026-01-27 18:16:15.205 [main] INFO  c.m.c.service.impl.MovieServiceImpl - Finding all movies.
2026-01-27 18:16:15.208 [main] INFO  c.m.c.service.impl.MovieServiceImpl - Finding movie by ID: 1
2026-01-27 18:16:15.211 [main] INFO  c.m.c.service.impl.MovieServiceImpl - Saving movie with ID: 1
2026-01-27 18:16:15.211 [main] INFO  c.m.c.service.impl.MovieServiceImpl - Movie successfully saved with ID: 1
2026-01-27 18:16:15.214 [main] INFO  c.m.c.service.impl.MovieServiceImpl - Deleting movie with ID: 1
2026-01-27 18:16:15.215 [main] WARN  c.m.c.service.impl.MovieServiceImpl - Movie with ID: 1 not found for deletion.
2026-01-27 18:16:15.215 [main] ERROR c.m.c.e.CustomNotFoundException - Исключение CustomNotFoundException: Movie not found with ID: 1
2026-01-27 18:16:15.218 [main] INFO  c.m.c.service.impl.MovieServiceImpl - Deleting movie with ID: 1
2026-01-27 18:16:15.218 [main] WARN  c.m.c.service.impl.MovieServiceImpl - Movie with ID: 1 not found for deletion.
2026-01-27 18:16:15.218 [main] ERROR c.m.c.e.CustomNotFoundException - Исключение CustomNotFoundException: Movie not found with ID: 1
2026-01-27 18:16:15.220 [main] INFO  c.m.c.service.impl.MovieServiceImpl - Finding movie by ID: 1
2026-01-27 18:16:15.224 [main] INFO  c.m.c.service.impl.MovieServiceImpl - Finding movie by ID: 1
2026-01-27 18:16:15.290 [main] INFO  c.m.c.service.impl.TicketServiceImpl - Saving ticket with ID: 1
2026-01-27 18:16:15.290 [main] INFO  c.m.c.service.impl.TicketServiceImpl - Ticket successfully saved with ID: 1
2026-01-27 18:16:15.293 [main] INFO  c.m.c.service.impl.TicketServiceImpl - Deleting ticket with ID: 1
2026-01-27 18:16:15.294 [main] INFO  c.m.c.service.impl.TicketServiceImpl - Ticket with ID: 1 successfully deleted from DB.
2026-01-27 18:16:15.297 [main] INFO  c.m.c.service.impl.TicketServiceImpl - Finding tickets for showtime datetime: 2023-10-10T10:00:00
2026-01-27 18:16:15.297 [main] INFO  c.m.c.service.impl.TicketServiceImpl - Tickets for showtime datetime 2023-10-10T10:00:00 found in cache.
2026-01-27 18:16:15.299 [main] INFO  c.m.c.service.impl.TicketServiceImpl - Deleting ticket with ID: 1
2026-01-27 18:16:15.299 [main] WARN  c.m.c.service.impl.TicketServiceImpl - Ticket with ID: 1 not found for deletion.
2026-01-27 18:16:15.302 [main] INFO  c.m.c.service.impl.TicketServiceImpl - Finding tickets for seat ID: 1
2026-01-27 18:16:15.303 [main] INFO  c.m.c.service.impl.TicketServiceImpl - Tickets for seat ID 1 added to cache.
2026-01-27 18:16:15.305 [main] INFO  c.m.c.service.impl.TicketServiceImpl - Getting all tickets.
2026-01-27 18:16:15.305 [main] INFO  c.m.c.service.impl.TicketServiceImpl - All tickets found in cache.
2026-01-27 18:16:15.307 [main] INFO  c.m.c.service.impl.TicketServiceImpl - Finding tickets for seat ID: 1
2026-01-27 18:16:15.307 [main] INFO  c.m.c.service.impl.TicketServiceImpl - Tickets for seat ID 1 found in cache.
2026-01-27 18:16:15.309 [main] INFO  c.m.c.service.impl.TicketServiceImpl - Finding tickets for user: TestUser
2026-01-27 18:16:15.310 [main] INFO  c.m.c.service.impl.TicketServiceImpl - Tickets for user TestUser added to cache.
2026-01-27 18:16:15.313 [main] INFO  c.m.c.service.impl.TicketServiceImpl - Finding ticket by ID: 1
2026-01-27 18:16:15.313 [main] WARN  c.m.c.service.impl.TicketServiceImpl - Ticket with ID: 1 not found.
2026-01-27 18:16:15.316 [main] INFO  c.m.c.service.impl.TicketServiceImpl - Getting all tickets.
2026-01-27 18:16:15.316 [main] INFO  c.m.c.service.impl.TicketServiceImpl - All tickets added to cache.
2026-01-27 18:16:15.318 [main] INFO  c.m.c.service.impl.TicketServiceImpl - Finding ticket by ID: 1
2026-01-27 18:16:15.319 [main] INFO  c.m.c.service.impl.TicketServiceImpl - Ticket ID: 1 found in cache.
2026-01-27 18:16:15.320 [main] INFO  c.m.c.service.impl.TicketServiceImpl - Finding tickets for showtime datetime: 2023-10-10T10:00:00
2026-01-27 18:16:15.321 [main] INFO  c.m.c.service.impl.TicketServiceImpl - Tickets for showtime datetime 2023-10-10T10:00:00 added to cache.
2026-01-27 18:16:15.323 [main] INFO  c.m.c.service.impl.TicketServiceImpl - Finding tickets for user: TestUser
2026-01-27 18:16:15.323 [main] INFO  c.m.c.service.impl.TicketServiceImpl - Tickets for user TestUser found in cache.
2026-01-27 18:16:15.326 [main] INFO  c.m.c.service.impl.TicketServiceImpl - Finding ticket by ID: 1
2026-01-27 18:16:15.326 [main] INFO  c.m.c.service.impl.TicketServiceImpl - Ticket with ID: 1 added to cache.
2026-02-14 18:56:10.553 [background-preinit] INFO  o.h.validator.internal.util.Version - HV000001: Hibernate Validator 8.0.2.Final
2026-02-14 18:56:10.580 [main] INFO  com.matvey.cinema.CinemaApplication - Starting CinemaApplication using Java 23.0.2 with PID 13409 (/home/dimin/buy-ticket-application/code/CinemaPro/target/classes started by dimin in /home/dimin/buy-ticket-application/code/CinemaPro)
2026-02-14 18:56:10.580 [main] DEBUG com.matvey.cinema.CinemaApplication - Running with Spring Boot v3.4.2, Spring v6.2.2
2026-02-14 18:56:10.581 [main] INFO  com.matvey.cinema.CinemaApplication - No active profile set, falling back to 1 default profile: "default"
2026-02-14 18:56:11.185 [main] INFO  o.s.d.r.c.RepositoryConfigurationDelegate - Bootstrapping Spring Data JPA repositories in DEFAULT mode.
2026-02-14 18:56:11.225 [main] INFO  o.s.d.r.c.RepositoryConfigurationDelegate - Finished Spring Data repository scanning in 35 ms. Found 7 JPA repository interfaces.
2026-02-14 18:56:11.628 [main] INFO  o.s.b.w.e.tomcat.TomcatWebServer - Tomcat initialized with port 8080 (http)
2026-02-14 18:56:11.635 [main] INFO  o.a.coyote.http11.Http11NioProtocol - Initializing ProtocolHandler ["http-nio-8080"]
2026-02-14 18:56:11.636 [main] INFO  o.a.catalina.core.StandardService - Starting service [Tomcat]
2026-02-14 18:56:11.636 [main] INFO  o.a.catalina.core.StandardEngine - Starting Servlet engine: [Apache Tomcat/10.1.34]
2026-02-14 18:56:11.660 [main] INFO  o.a.c.c.C.[Tomcat].[localhost].[/] - Initializing Spring embedded WebApplicationContext
2026-02-14 18:56:11.661 [main] INFO  o.s.b.w.s.c.ServletWebServerApplicationContext - Root WebApplicationContext: initialization completed in 1047 ms
2026-02-14 18:56:11.828 [main] INFO  o.h.jpa.internal.util.LogHelper - HHH000204: Processing PersistenceUnitInfo [name: default]
2026-02-14 18:56:11.859 [main] INFO  org.hibernate.Version - HHH000412: Hibernate ORM core version 6.6.5.Final
2026-02-14 18:56:11.877 [main] INFO  o.h.c.i.RegionFactoryInitiator - HHH000026: Second-level cache disabled
2026-02-14 18:56:12.016 [main] INFO  o.s.o.j.p.SpringPersistenceUnitInfo - No LoadTimeWeaver setup: ignoring JPA class transformer
2026-02-14 18:56:12.035 [main] INFO  com.zaxxer.hikari.HikariDataSource - HikariPool-1 - Starting...
2026-02-14 18:56:13.081 [main] WARN  o.h.e.jdbc.spi.SqlExceptionHelper - SQL Error: 0, SQLState: 08S01
2026-02-14 18:56:13.081 [main] ERROR o.h.e.jdbc.spi.SqlExceptionHelper - Communications link failure

The last packet sent successfully to the server was 0 milliseconds ago. The driver has not received any packets from the server.
2026-02-14 18:56:13.082 [main] WARN  o.h.e.j.e.i.JdbcEnvironmentInitiator - HHH000342: Could not obtain connection to query metadata
org.hibernate.exception.JDBCConnectionException: unable to obtain isolated JDBC connection [Communications link failure

The last packet sent successfully to the server was 0 milliseconds ago. The driver has not received any packets from the server.] [n/a]
	at org.hibernate.exception.internal.SQLStateConversionDelegate.convert(SQLStateConversionDelegate.java:100)
	at org.hibernate.exception.internal.StandardSQLExceptionConverter.convert(StandardSQLExceptionConverter.java:58)
	at org.hibernate.engine.jdbc.spi.SqlExceptionHelper.convert(SqlExceptionHelper.java:108)
	at org.hibernate.engine.jdbc.spi.SqlExceptionHelper.convert(SqlExceptionHelper.java:94)
	at org.hibernate.resource.transaction.backend.jdbc.internal.JdbcIsolationDelegate.delegateWork(JdbcIsolationDelegate.java:116)
	at org.hibernate.engine.jdbc.env.internal.JdbcEnvironmentInitiator.getJdbcEnvironmentUsingJdbcMetadata(JdbcEnvironmentInitiator.java:320)
	at org.hibernate.engine.jdbc.env.internal.JdbcEnvironmentInitiator.initiateService(JdbcEnvironmentInitiator.java:129)
	at org.hibernate.engine.jdbc.env.internal.JdbcEnvironmentInitiator.initiateService(JdbcEnvironmentInitiator.java:81)
	at org.hibernate.boot.registry.internal.StandardServiceRegistryImpl.initiateService(StandardServiceRegistryImpl.java:130)
	at org.hibernate.service.internal.AbstractServiceRegistryImpl.createService(AbstractServiceRegistryImpl.java:263)
	at org.hibernate.service.internal.AbstractServiceRegistryImpl.initializeService(AbstractServiceRegistryImpl.java:238)
	at org.hibernate.service.internal.AbstractServiceRegistryImpl.getService(AbstractServiceRegistryImpl.java:215)
	at org.hibernate.boot.model.relational.Database.<init>(Database.java:45)
	at org.hibernate.boot.internal.InFlightMetadataCollectorImpl.getDatabase(InFlightMetadataCollectorImpl.java:226)
	at org.hibernate.boot.internal.InFlightMetadataCollectorImpl.<init>(InFlightMetadataCollectorImpl.java:194)
	at org.hibernate.boot.model.process.spi.MetadataBuildingProcess.complete(MetadataBuildingProcess.java:171)
	at org.hibernate.jpa.boot.internal.EntityManagerFactoryBuilderImpl.metadata(EntityManagerFactoryBuilderImpl.java:1431)
	at org.hibernate.jpa.boot.internal.EntityManagerFactoryBuilderImpl.build(EntityManagerFactoryBuilderImpl.java:1502)
	at org.springframework.orm.jpa.vendor.SpringHibernateJpaPersistenceProvider.createContainerEntityManagerFactory(SpringHibernateJpaPersistenceProvider.java:66)
	at org.springframework.orm.jpa.LocalContainerEntityManagerFactoryBean.createNativeEntityManagerFactory(LocalContainerEntityManagerFactoryBean.java:390)
	at org.springframework.orm.jpa.AbstractEntityManagerFactoryBean.buildNativeEntityManagerFactory(AbstractEntityManagerFactoryBean.java:419)
	at org.springframework.orm.jpa.AbstractEntityManagerFactoryBean.afterPropertiesSet(AbstractEntityManagerFactoryBean.java:400)
	at org.springframework.orm.jpa.LocalContainerEntityManagerFactoryBean.afterPropertiesSet(LocalContainerEntityManagerFactoryBean.java:366)
	at org.springframework.beans.factory.support.AbstractAutowireCapableBeanFactory.invokeInitMethods(AbstractAutowireCapableBeanFactory.java:1859)
	at org.springframework.beans.factory.support.AbstractAutowireCapableBeanFactory.initializeBean(AbstractAutowireCapableBeanFactory.java:1808)
	at org.springframework.beans.factory.support.AbstractAutowireCapableBeanFactory.doCreateBean(AbstractAutowireCapableBeanFactory.java:601)
	at org.springframework.beans.factory.support.AbstractAutowireCapableBeanFactory.createBean(AbstractAutowireCapableBeanFactory.java:523)
	at org.springframework.beans.factory.support.AbstractBeanFactory.lambda$doGetBean$0(AbstractBeanFactory.java:336)
	at org.springframework.beans.factory.support.DefaultSingletonBeanRegistry.getSingleton(DefaultSingletonBeanRegistry.java:307)
	at org.springframework.beans.factory.support.AbstractBeanFactory.doGetBean(AbstractBeanFactory.java:334)
	at org.springframework.beans.factory.support.AbstractBeanFactory.getBean(AbstractBeanFactory.java:204)
	at org.springframework.context.support.AbstractApplicationContext.finishBeanFactoryInitialization(AbstractApplicationContext.java:970)
	at org.springframework.context.support.AbstractApplicationContext.refresh(AbstractApplicationContext.java:627)
	at org.springframework.boot.web.servlet.context.ServletWebServerApplicationContext.refresh(ServletWebServerApplicationContext.java:146)
	at org.springframework.boot.SpringApplication.refresh(SpringApplication.java:752)
	at org.springframework.boot.SpringApplication.refreshContext(SpringApplication.java:439)
	at org.springframework.boot.SpringApplication.run(SpringApplication.java:318)
	at org.springframework.boot.SpringApplication.run(SpringApplication.java:1361)
	at org.springframework.boot.SpringApplication.run(SpringApplication.java:1350)
	at com.matvey.cinema.CinemaApplication.main(CinemaApplication.java:12)
Caused by: com.mysql.cj.jdbc.exceptions.CommunicationsException: Communications link failure

The last packet sent successfully to the server was 0 milliseconds ago. The driver has not received any packets from the server.
	at com.mysql.cj.jdbc.exceptions.SQLError.createCommunicationsException(SQLError.java:174)
	at com.mysql.cj.jdbc.exceptions.SQLExceptionsMapping.translateException(SQLExceptionsMapping.java:64)
	at com.mysql.cj.jdbc.ConnectionImpl.createNewIO(ConnectionImpl.java:824)
	at com.mysql.cj.jdbc.ConnectionImpl.<init>(ConnectionImpl.java:444)
	at com.mysql.cj.jdbc.ConnectionImpl.getInstance(ConnectionImpl.java:237)
	at com.mysql.cj.jdbc.NonRegisteringDriver.connect(NonRegisteringDriver.java:198)
	at com.zaxxer.hikari.util.DriverDataSource.getConnection(DriverDataSource.java:137)
	at com.zaxxer.hikari.pool.PoolBase.newConnection(PoolBase.java:360)
	at com.zaxxer.hikari.pool.PoolBase.newPoolEntry(PoolBase.java:202)
	at com.zaxxer.hikari.pool.HikariPool.createPoolEntry(HikariPool.java:461)
	at com.zaxxer.hikari.pool.HikariPool.checkFailFast(HikariPool.java:550)
	at com.zaxxer.hikari.pool.HikariPool.<init>(HikariPool.java:98)
	at com.zaxxer.hikari.HikariDataSource.getConnection(HikariDataSource.java:111)
	at org.hibernate.engine.jdbc.connections.internal.DatasourceConnectionProviderImpl.getConnection(DatasourceConnectionProviderImpl.java:126)
	at org.hibernate.engine.jdbc.env.internal.JdbcEnvironmentInitiator$ConnectionProviderJdbcConnectionAccess.obtainConnection(JdbcEnvironmentInitiator.java:467)
	at org.hibernate.resource.transaction.backend.jdbc.internal.JdbcIsolationDelegate.delegateWork(JdbcIsolationDelegate.java:61)
	... 35 common frames omitted
Caused by: com.mysql.cj.exceptions.CJCommunicationsException: Communications link failure

The last packet sent successfully to the server was 0 milliseconds ago. The driver has not received any packets from the server.
	at java.base/jdk.internal.reflect.DirectConstructorHandleAccessor.newInstance(DirectConstructorHandleAccessor.java:62)
	at java.base/java.lang.reflect.Constructor.newInstanceWithCaller(Constructor.java:501)
	at java.base/java.lang.reflect.Constructor.newInstance(Constructor.java:485)
	at com.mysql.cj.exceptions.ExceptionFactory.createException(ExceptionFactory.java:61)
	at com.mysql.cj.exceptions.ExceptionFactory.createException(ExceptionFactory.java:105)
	at com.mysql.cj.exceptions.ExceptionFactory.createException(ExceptionFactory.java:151)
	at com.mysql.cj.exceptions.ExceptionFactory.createCommunicationsException(ExceptionFactory.java:167)
	at com.mysql.cj.protocol.a.NativeSocketConnection.connect(NativeSocketConnection.java:89)
	at com.mysql.cj.NativeSession.connect(NativeSession.java:120)
	at com.mysql.cj.jdbc.ConnectionImpl.connectOneTryOnly(ConnectionImpl.java:944)
	at com.mysql.cj.jdbc.ConnectionImpl.createNewIO(ConnectionImpl.java:814)
	... 48 common frames omitted
Caused by: java.net.ConnectException: Connection refused
	at java.base/sun.nio.ch.Net.pollConnect(Native Method)
	at java.base/sun.nio.ch.Net.pollConnectNow(Net.java:682)
	at java.base/sun.nio.ch.NioSocketImpl.timedFinishConnect(NioSocketImpl.java:542)
	at java.base/sun.nio.ch.NioSocketImpl.connect(NioSocketImpl.java:592)
	at java.base/java.net.SocksSocketImpl.connect(SocksSocketImpl.java:327)
	at java.base/java.net.Socket.connect(Socket.java:760)
	at com.mysql.cj.protocol.StandardSocketFactory.connect(StandardSocketFactory.java:153)
	at com.mysql.cj.protocol.a.NativeSocketConnection.connect(NativeSocketConnection.java:63)
	... 51 common frames omitted
2026-02-14 18:56:13.096 [main] WARN  org.hibernate.orm.deprecation - HHH90000025: MySQL8Dialect does not need to be specified explicitly using 'hibernate.dialect' (remove the property setting and it will be selected by default)
2026-02-14 18:56:13.097 [main] WARN  org.hibernate.orm.deprecation - HHH90000026: MySQL8Dialect has been deprecated; use org.hibernate.dialect.MySQLDialect instead
2026-02-14 18:56:13.102 [main] INFO  o.hibernate.orm.connections.pooling - HHH10001005: Database info:
	Database JDBC URL [Connecting through datasource 'HikariDataSource (null)']
	Database driver: undefined/unknown
	Database version: 8.0
	Autocommit mode: undefined/unknown
	Isolation level: undefined/unknown
	Minimum pool size: undefined/unknown
	Maximum pool size: undefined/unknown
2026-02-14 18:56:13.688 [main] INFO  o.h.e.t.j.p.i.JtaPlatformInitiator - HHH000489: No JTA platform available (set 'hibernate.transaction.jta.platform' to enable JTA platform integration)
2026-02-14 18:56:13.701 [main] INFO  com.zaxxer.hikari.HikariDataSource - HikariPool-1 - Starting...
2026-02-14 18:56:14.702 [main] WARN  o.h.e.jdbc.spi.SqlExceptionHelper - SQL Error: 0, SQLState: 08S01
2026-02-14 18:56:14.702 [main] ERROR o.h.e.jdbc.spi.SqlExceptionHelper - Communications link failure

The last packet sent successfully to the server was 0 milliseconds ago. The driver has not received any packets from the server.
2026-02-14 18:56:14.705 [main] ERROR o.s.o.j.LocalContainerEntityManagerFactoryBean - Failed to initialize JPA EntityManagerFactory: [PersistenceUnit: default] Unable to build Hibernate SessionFactory; nested exception is org.hibernate.exception.JDBCConnectionException: Unable to open JDBC Connection for DDL execution [Communications link failure

The last packet sent successfully to the server was 0 milliseconds ago. The driver has not received any packets from the server.] [n/a]
2026-02-14 18:56:14.705 [main] WARN  o.s.b.w.s.c.AnnotationConfigServletWebServerApplicationContext - Exception encountered during context initialization - cancelling refresh attempt: org.springframework.beans.factory.BeanCreationException: Error creating bean with name 'entityManagerFactory' defined in class path resource [org/springframework/boot/autoconfigure/orm/jpa/HibernateJpaConfiguration.class]: [PersistenceUnit: default] Unable to build Hibernate SessionFactory; nested exception is org.hibernate.exception.JDBCConnectionException: Unable to open JDBC Connection for DDL execution [Communications link failure

The last packet sent successfully to the server was 0 milliseconds ago. The driver has not received any packets from the server.] [n/a]
2026-02-14 18:56:14.707 [main] INFO  o.a.catalina.core.StandardService - Stopping service [Tomcat]
2026-02-14 18:56:14.716 [main] INFO  o.s.b.a.l.ConditionEvaluationReportLogger - 

Error starting ApplicationContext. To display the condition evaluation report re-run your application with 'debug' enabled.
2026-02-14 18:56:14.725 [main] ERROR o.s.boot.SpringApplication - Application run failed
org.springframework.beans.factory.BeanCreationException: Error creating bean with name 'entityManagerFactory' defined in class path resource [org/springframework/boot/autoconfigure/orm/jpa/HibernateJpaConfiguration.class]: [PersistenceUnit: default] Unable to build Hibernate SessionFactory; nested exception is org.hibernate.exception.JDBCConnectionException: Unable to open JDBC Connection for DDL execution [Communications link failure

The last packet sent successfully to the server was 0 milliseconds ago. The driver has not received any packets from the server.] [n/a]
	at org.springframework.beans.factory.support.AbstractAutowireCapableBeanFactory.initializeBean(AbstractAutowireCapableBeanFactory.java:1812)
	at org.springframework.beans.factory.support.AbstractAutowireCapableBeanFactory.doCreateBean(AbstractAutowireCapableBeanFactory.java:601)
	at org.springframework.beans.factory.support.AbstractAutowireCapableBeanFactory.createBean(AbstractAutowireCapableBeanFactory.java:523)
	at org.springframework.beans.factory.support.AbstractBeanFactory.lambda$doGetBean$0(AbstractBeanFactory.java:336)
	at org.springframework.beans.factory.support.DefaultSingletonBeanRegistry.getSingleton(DefaultSingletonBeanRegistry.java:307)
	at org.springframework.beans.factory.support.AbstractBeanFactory.doGetBean(AbstractBeanFactory.java:334)
	at org.springframework.beans.factory.support.AbstractBeanFactory.getBean(AbstractBeanFactory.java:204)
	at org.springframework.context.support.AbstractApplicationContext.finishBeanFactoryInitialization(AbstractApplicationContext.java:970)
	at org.springframework.context.support.AbstractApplicationContext.refresh(AbstractApplicationContext.java:627)
	at org.springframework.boot.web.servlet.context.ServletWebServerApplicationContext.refresh(ServletWebServerApplicationContext.java:146)
	at org.springframework.boot.SpringApplication.refresh(SpringApplication.java:752)
	at org.springframework.boot.SpringApplication.refreshContext(SpringApplication.java:439)
	at org.springframework.boot.SpringApplication.run(SpringApplication.java:318)
	at org.springframework.boot.SpringApplication.run(SpringApplication.java:1361)
	at org.springframework.boot.SpringApplication.run(SpringApplication.java:1350)
	at com.matvey.cinema.CinemaApplication.main(CinemaApplication.java:12)
Caused by: jakarta.persistence.PersistenceException: [PersistenceUnit: default] Unable to build Hibernate SessionFactory; nested exception is org.hibernate.exception.JDBCConnectionException: Unable to open JDBC Connection for DDL execution [Communications link failure

The last packet sent successfully to the server was 0 milliseconds ago. The driver has not received any packets from the server.] [n/a]
	at org.springframework.orm.jpa.AbstractEntityManagerFactoryBean.buildNativeEntityManagerFactory(AbstractEntityManagerFactoryBean.java:431)
	at org.springframework.orm.jpa.AbstractEntityManagerFactoryBean.afterPropertiesSet(AbstractEntityManagerFactoryBean.java:400)
	at org.springframework.orm.jpa.LocalContainerEntityManagerFactoryBean.afterPropertiesSet(LocalContainerEntityManagerFactoryBean.java:366)
	at org.springframework.beans.factory.support.AbstractAutowireCapableBeanFactory.invokeInitMethods(AbstractAutowireCapableBeanFactory.java:1859)
	at org.springframework.beans.factory.support.AbstractAutowireCapableBeanFactory.initializeBean(AbstractAutowireCapableBeanFactory.java:1808)
	... 15 common frames omitted
Caused by: org.hibernate.exception.JDBCConnectionException: Unable to open JDBC Connection for DDL execution [Communications link failure

The last packet sent successfully to the server was 0 milliseconds ago. The driver has not received any packets from the server.] [n/a]
	at org.hibernate.exception.internal.SQLStateConversionDelegate.convert(SQLStateConversionDelegate.java:100)
	at org.hibernate.exception.internal.StandardSQLExceptionConverter.convert(StandardSQLExceptionConverter.java:58)
	at org.hibernate.engine.jdbc.spi.SqlExceptionHelper.convert(SqlExceptionHelper.java:108)
	at org.hibernate.engine.jdbc.spi.SqlExceptionHelper.convert(SqlExceptionHelper.java:94)
	at org.hibernate.resource.transaction.backend.jdbc.internal.DdlTransactionIsolatorNonJtaImpl.getIsolatedConnection(DdlTransactionIsolatorNonJtaImpl.java:74)
	at org.hibernate.resource.transaction.backend.jdbc.internal.DdlTransactionIsolatorNonJtaImpl.getIsolatedConnection(DdlTransactionIsolatorNonJtaImpl.java:39)
	at org.hibernate.tool.schema.internal.exec.ImprovedExtractionContextImpl.getJdbcConnection(ImprovedExtractionContextImpl.java:63)
	at org.hibernate.tool.schema.internal.exec.ImprovedExtractionContextImpl.getJdbcDatabaseMetaData(ImprovedExtractionContextImpl.java:70)
	at org.hibernate.tool.schema.extract.internal.InformationExtractorJdbcDatabaseMetaDataImpl.processTableResultSet(InformationExtractorJdbcDatabaseMetaDataImpl.java:65)
	at org.hibernate.tool.schema.extract.internal.AbstractInformationExtractorImpl.getTables(AbstractInformationExtractorImpl.java:570)
	at org.hibernate.tool.schema.extract.internal.DatabaseInformationImpl.getTablesInformation(DatabaseInformationImpl.java:122)
	at org.hibernate.tool.schema.internal.GroupedSchemaMigratorImpl.performTablesMigration(GroupedSchemaMigratorImpl.java:72)
	at org.hibernate.tool.schema.internal.AbstractSchemaMigrator.performMigration(AbstractSchemaMigrator.java:233)
	at org.hibernate.tool.schema.internal.AbstractSchemaMigrator.doMigration(AbstractSchemaMigrator.java:112)
	at org.hibernate.tool.schema.spi.SchemaManagementToolCoordinator.performDatabaseAction(SchemaManagementToolCoordinator.java:280)
	at org.hibernate.tool.schema.spi.SchemaManagementToolCoordinator.lambda$process$5(SchemaManagementToolCoordinator.java:144)
	at java.base/java.util.HashMap.forEach(HashMap.java:1430)
	at org.hibernate.tool.schema.spi.SchemaManagementToolCoordinator.process(SchemaManagementToolCoordinator.java:141)
	at org.hibernate.boot.internal.SessionFactoryObserverForSchemaExport.sessionFactoryCreated(SessionFactoryObserverForSchemaExport.java:37)
	at org.hibernate.internal.SessionFactoryObserverChain.sessionFactoryCreated(SessionFactoryObserverChain.java:35)
	at org.hibernate.internal.SessionFactoryImpl.<init>(SessionFactoryImpl.java:324)
	at org.hibernate.boot.internal.SessionFactoryBuilderImpl.build(SessionFactoryBuilderImpl.java:463)
	at org.hibernate.jpa.boot.internal.EntityManagerFactoryBuilderImpl.build(EntityManagerFactoryBuilderImpl.java:1506)
	at org.springframework.orm.jpa.vendor.SpringHibernateJpaPersistenceProvider.createContainerEntityManagerFactory(SpringHibernateJpaPersistenceProvider.java:66)
	at org.springframework.orm.jpa.LocalContainerEntityManagerFactoryBean.createNativeEntityManagerFactory(LocalContainerEntityManagerFactoryBean.java:390)
	at org.springframework.orm.jpa.AbstractEntityManagerFactoryBean.buildNativeEntityManagerFactory(AbstractEntityManagerFactoryBean.java:419)
	... 19 common frames omitted
Caused by: com.mysql.cj.jdbc.exceptions.CommunicationsException: Communications link failure

The last packet sent successfully to the server was 0 milliseconds ago. The driver has not received any packets from the server.
	at com.mysql.cj.jdbc.exceptions.SQLError.createCommunicationsException(SQLError.java:174)
	at com.mysql.cj.jdbc.exceptions.SQLExceptionsMapping.translateException(SQLExceptionsMapping.java:64)
	at com.mysql.cj.jdbc.ConnectionImpl.createNewIO(ConnectionImpl.java:824)
	at com.mysql.cj.jdbc.ConnectionImpl.<init>(ConnectionImpl.java:444)
	at com.mysql.cj.jdbc.ConnectionImpl.getInstance(ConnectionImpl.java:237)
	at com.mysql.cj.jdbc.NonRegisteringDriver.connect(NonRegisteringDriver.java:198)
	at com.zaxxer.hikari.util.DriverDataSource.getConnection(DriverDataSource.java:137)
	at com.zaxxer.hikari.pool.PoolBase.newConnection(PoolBase.java:360)
	at com.zaxxer.hikari.pool.PoolBase.newPoolEntry(PoolBase.java:202)
	at com.zaxxer.hikari.pool.HikariPool.createPoolEntry(HikariPool.java:461)
	at com.zaxxer.hikari.pool.HikariPool.checkFailFast(HikariPool.java:550)
	at com.zaxxer.hikari.pool.HikariPool.<init>(HikariPool.java:98)
	at com.zaxxer.hikari.HikariDataSource.getConnection(HikariDataSource.java:111)
	at org.hibernate.engine.jdbc.connections.internal.DatasourceConnectionProviderImpl.getConnection(DatasourceConnectionProviderImpl.java:126)
	at org.hibernate.engine.jdbc.env.internal.JdbcEnvironmentInitiator$ConnectionProviderJdbcConnectionAccess.obtainConnection(JdbcEnvironmentInitiator.java:467)
	at org.hibernate.resource.transaction.backend.jdbc.internal.DdlTransactionIsolatorNonJtaImpl.getIsolatedConnection(DdlTransactionIsolatorNonJtaImpl.java:46)
	... 40 common frames omitted
Caused by: com.mysql.cj.exceptions.CJCommunicationsException: Communications link failure

The last packet sent successfully to the server was 0 milliseconds ago. The driver has not received any packets from the server.
	at java.base/jdk.internal.reflect.DirectConstructorHandleAccessor.newInstance(DirectConstructorHandleAccessor.java:62)
	at java.base/java.lang.reflect.Constructor.newInstanceWithCaller(Constructor.java:501)
	at java.base/java.lang.reflect.Constructor.newInstance(Constructor.java:485)
	at com.mysql.cj.exceptions.ExceptionFactory.createException(ExceptionFactory.java:61)
	at com.mysql.cj.exceptions.ExceptionFactory.createException(ExceptionFactory.java:105)
	at com.mysql.cj.exceptions.ExceptionFactory.createException(ExceptionFactory.java:151)
	at com.mysql.cj.exceptions.ExceptionFactory.createCommunicationsException(ExceptionFactory.java:167)
	at com.mysql.cj.protocol.a.NativeSocketConnection.connect(NativeSocketConnection.java:89)
	at com.mysql.cj.NativeSession.connect(NativeSession.java:120)
	at com.mysql.cj.jdbc.ConnectionImpl.connectOneTryOnly(ConnectionImpl.java:944)
	at com.mysql.cj.jdbc.ConnectionImpl.createNewIO(ConnectionImpl.java:814)
	... 53 common frames omitted
Caused by: java.net.ConnectException: Connection refused
	at java.base/sun.nio.ch.Net.pollConnect(Native Method)
	at java.base/sun.nio.ch.Net.pollConnectNow(Net.java:682)
	at java.base/sun.nio.ch.NioSocketImpl.timedFinishConnect(NioSocketImpl.java:542)
	at java.base/sun.nio.ch.NioSocketImpl.connect(NioSocketImpl.java:592)
	at java.base/java.net.SocksSocketImpl.connect(SocksSocketImpl.java:327)
	at java.base/java.net.Socket.connect(Socket.java:760)
	at com.mysql.cj.protocol.StandardSocketFactory.connect(StandardSocketFactory.java:153)
	at com.mysql.cj.protocol.a.NativeSocketConnection.connect(NativeSocketConnection.java:63)
	... 56 common frames omitted
2026-02-14 19:02:20.494 [background-preinit] INFO  o.h.validator.internal.util.Version - HV000001: Hibernate Validator 8.0.2.Final
2026-02-14 19:02:20.521 [main] INFO  com.matvey.cinema.CinemaApplication - Starting CinemaApplication using Java 23.0.2 with PID 15316 (/home/dimin/buy-ticket-application/code/CinemaPro/target/classes started by dimin in /home/dimin/buy-ticket-application/code/CinemaPro)
2026-02-14 19:02:20.522 [main] DEBUG com.matvey.cinema.CinemaApplication - Running with Spring Boot v3.4.2, Spring v6.2.2
2026-02-14 19:02:20.522 [main] INFO  com.matvey.cinema.CinemaApplication - No active profile set, falling back to 1 default profile: "default"
2026-02-14 19:02:21.100 [main] INFO  o.s.d.r.c.RepositoryConfigurationDelegate - Bootstrapping Spring Data JPA repositories in DEFAULT mode.
2026-02-14 19:02:21.137 [main] INFO  o.s.d.r.c.RepositoryConfigurationDelegate - Finished Spring Data repository scanning in 32 ms. Found 7 JPA repository interfaces.
2026-02-14 19:02:21.532 [main] INFO  o.s.b.w.e.tomcat.TomcatWebServer - Tomcat initialized with port 8080 (http)
2026-02-14 19:02:21.538 [main] INFO  o.a.coyote.http11.Http11NioProtocol - Initializing ProtocolHandler ["http-nio-8080"]
2026-02-14 19:02:21.539 [main] INFO  o.a.catalina.core.StandardService - Starting service [Tomcat]
2026-02-14 19:02:21.539 [main] INFO  o.a.catalina.core.StandardEngine - Starting Servlet engine: [Apache Tomcat/10.1.34]
2026-02-14 19:02:21.564 [main] INFO  o.a.c.c.C.[Tomcat].[localhost].[/] - Initializing Spring embedded WebApplicationContext
2026-02-14 19:02:21.564 [main] INFO  o.s.b.w.s.c.ServletWebServerApplicationContext - Root WebApplicationContext: initialization completed in 1012 ms
2026-02-14 19:02:21.744 [main] INFO  o.h.jpa.internal.util.LogHelper - HHH000204: Processing PersistenceUnitInfo [name: default]
2026-02-14 19:02:21.772 [main] INFO  org.hibernate.Version - HHH000412: Hibernate ORM core version 6.6.5.Final
2026-02-14 19:02:21.790 [main] INFO  o.h.c.i.RegionFactoryInitiator - HHH000026: Second-level cache disabled
2026-02-14 19:02:21.931 [main] INFO  o.s.o.j.p.SpringPersistenceUnitInfo - No LoadTimeWeaver setup: ignoring JPA class transformer
2026-02-14 19:02:21.946 [main] INFO  com.zaxxer.hikari.HikariDataSource - HikariPool-1 - Starting...
2026-02-14 19:02:22.994 [main] WARN  o.h.e.jdbc.spi.SqlExceptionHelper - SQL Error: 0, SQLState: 08S01
2026-02-14 19:02:22.994 [main] ERROR o.h.e.jdbc.spi.SqlExceptionHelper - Communications link failure

The last packet sent successfully to the server was 0 milliseconds ago. The driver has not received any packets from the server.
2026-02-14 19:02:22.996 [main] WARN  o.h.e.j.e.i.JdbcEnvironmentInitiator - HHH000342: Could not obtain connection to query metadata
org.hibernate.exception.JDBCConnectionException: unable to obtain isolated JDBC connection [Communications link failure

The last packet sent successfully to the server was 0 milliseconds ago. The driver has not received any packets from the server.] [n/a]
	at org.hibernate.exception.internal.SQLStateConversionDelegate.convert(SQLStateConversionDelegate.java:100)
	at org.hibernate.exception.internal.StandardSQLExceptionConverter.convert(StandardSQLExceptionConverter.java:58)
	at org.hibernate.engine.jdbc.spi.SqlExceptionHelper.convert(SqlExceptionHelper.java:108)
	at org.hibernate.engine.jdbc.spi.SqlExceptionHelper.convert(SqlExceptionHelper.java:94)
	at org.hibernate.resource.transaction.backend.jdbc.internal.JdbcIsolationDelegate.delegateWork(JdbcIsolationDelegate.java:116)
	at org.hibernate.engine.jdbc.env.internal.JdbcEnvironmentInitiator.getJdbcEnvironmentUsingJdbcMetadata(JdbcEnvironmentInitiator.java:320)
	at org.hibernate.engine.jdbc.env.internal.JdbcEnvironmentInitiator.initiateService(JdbcEnvironmentInitiator.java:129)
	at org.hibernate.engine.jdbc.env.internal.JdbcEnvironmentInitiator.initiateService(JdbcEnvironmentInitiator.java:81)
	at org.hibernate.boot.registry.internal.StandardServiceRegistryImpl.initiateService(StandardServiceRegistryImpl.java:130)
	at org.hibernate.service.internal.AbstractServiceRegistryImpl.createService(AbstractServiceRegistryImpl.java:263)
	at org.hibernate.service.internal.AbstractServiceRegistryImpl.initializeService(AbstractServiceRegistryImpl.java:238)
	at org.hibernate.service.internal.AbstractServiceRegistryImpl.getService(AbstractServiceRegistryImpl.java:215)
	at org.hibernate.boot.model.relational.Database.<init>(Database.java:45)
	at org.hibernate.boot.internal.InFlightMetadataCollectorImpl.getDatabase(InFlightMetadataCollectorImpl.java:226)
	at org.hibernate.boot.internal.InFlightMetadataCollectorImpl.<init>(InFlightMetadataCollectorImpl.java:194)
	at org.hibernate.boot.model.process.spi.MetadataBuildingProcess.complete(MetadataBuildingProcess.java:171)
	at org.hibernate.jpa.boot.internal.EntityManagerFactoryBuilderImpl.metadata(EntityManagerFactoryBuilderImpl.java:1431)
	at org.hibernate.jpa.boot.internal.EntityManagerFactoryBuilderImpl.build(EntityManagerFactoryBuilderImpl.java:1502)
	at org.springframework.orm.jpa.vendor.SpringHibernateJpaPersistenceProvider.createContainerEntityManagerFactory(SpringHibernateJpaPersistenceProvider.java:66)
	at org.springframework.orm.jpa.LocalContainerEntityManagerFactoryBean.createNativeEntityManagerFactory(LocalContainerEntityManagerFactoryBean.java:390)
	at org.springframework.orm.jpa.AbstractEntityManagerFactoryBean.buildNativeEntityManagerFactory(AbstractEntityManagerFactoryBean.java:419)
	at org.springframework.orm.jpa.AbstractEntityManagerFactoryBean.afterPropertiesSet(AbstractEntityManagerFactoryBean.java:400)
	at org.springframework.orm.jpa.LocalContainerEntityManagerFactoryBean.afterPropertiesSet(LocalContainerEntityManagerFactoryBean.java:366)
	at org.springframework.beans.factory.support.AbstractAutowireCapableBeanFactory.invokeInitMethods(AbstractAutowireCapableBeanFactory.java:1859)
	at org.springframework.beans.factory.support.AbstractAutowireCapableBeanFactory.initializeBean(AbstractAutowireCapableBeanFactory.java:1808)
	at org.springframework.beans.factory.support.AbstractAutowireCapableBeanFactory.doCreateBean(AbstractAutowireCapableBeanFactory.java:601)
	at org.springframework.beans.factory.support.AbstractAutowireCapableBeanFactory.createBean(AbstractAutowireCapableBeanFactory.java:523)
	at org.springframework.beans.factory.support.AbstractBeanFactory.lambda$doGetBean$0(AbstractBeanFactory.java:336)
	at org.springframework.beans.factory.support.DefaultSingletonBeanRegistry.getSingleton(DefaultSingletonBeanRegistry.java:307)
	at org.springframework.beans.factory.support.AbstractBeanFactory.doGetBean(AbstractBeanFactory.java:334)
	at org.springframework.beans.factory.support.AbstractBeanFactory.getBean(AbstractBeanFactory.java:204)
	at org.springframework.context.support.AbstractApplicationContext.finishBeanFactoryInitialization(AbstractApplicationContext.java:970)
	at org.springframework.context.support.AbstractApplicationContext.refresh(AbstractApplicationContext.java:627)
	at org.springframework.boot.web.servlet.context.ServletWebServerApplicationContext.refresh(ServletWebServerApplicationContext.java:146)
	at org.springframework.boot.SpringApplication.refresh(SpringApplication.java:752)
	at org.springframework.boot.SpringApplication.refreshContext(SpringApplication.java:439)
	at org.springframework.boot.SpringApplication.run(SpringApplication.java:318)
	at org.springframework.boot.SpringApplication.run(SpringApplication.java:1361)
	at org.springframework.boot.SpringApplication.run(SpringApplication.java:1350)
	at com.matvey.cinema.CinemaApplication.main(CinemaApplication.java:12)
Caused by: com.mysql.cj.jdbc.exceptions.CommunicationsException: Communications link failure

The last packet sent successfully to the server was 0 milliseconds ago. The driver has not received any packets from the server.
	at com.mysql.cj.jdbc.exceptions.SQLError.createCommunicationsException(SQLError.java:174)
	at com.mysql.cj.jdbc.exceptions.SQLExceptionsMapping.translateException(SQLExceptionsMapping.java:64)
	at com.mysql.cj.jdbc.ConnectionImpl.createNewIO(ConnectionImpl.java:824)
	at com.mysql.cj.jdbc.ConnectionImpl.<init>(ConnectionImpl.java:444)
	at com.mysql.cj.jdbc.ConnectionImpl.getInstance(ConnectionImpl.java:237)
	at com.mysql.cj.jdbc.NonRegisteringDriver.connect(NonRegisteringDriver.java:198)
	at com.zaxxer.hikari.util.DriverDataSource.getConnection(DriverDataSource.java:137)
	at com.zaxxer.hikari.pool.PoolBase.newConnection(PoolBase.java:360)
	at com.zaxxer.hikari.pool.PoolBase.newPoolEntry(PoolBase.java:202)
	at com.zaxxer.hikari.pool.HikariPool.createPoolEntry(HikariPool.java:461)
	at com.zaxxer.hikari.pool.HikariPool.checkFailFast(HikariPool.java:550)
	at com.zaxxer.hikari.pool.HikariPool.<init>(HikariPool.java:98)
	at com.zaxxer.hikari.HikariDataSource.getConnection(HikariDataSource.java:111)
	at org.hibernate.engine.jdbc.connections.internal.DatasourceConnectionProviderImpl.getConnection(DatasourceConnectionProviderImpl.java:126)
	at org.hibernate.engine.jdbc.env.internal.JdbcEnvironmentInitiator$ConnectionProviderJdbcConnectionAccess.obtainConnection(JdbcEnvironmentInitiator.java:467)
	at org.hibernate.resource.transaction.backend.jdbc.internal.JdbcIsolationDelegate.delegateWork(JdbcIsolationDelegate.java:61)
	... 35 common frames omitted
Caused by: com.mysql.cj.exceptions.CJCommunicationsException: Communications link failure

The last packet sent successfully to the server was 0 milliseconds ago. The driver has not received any packets from the server.
	at java.base/jdk.internal.reflect.DirectConstructorHandleAccessor.newInstance(DirectConstructorHandleAccessor.java:62)
	at java.base/java.lang.reflect.Constructor.newInstanceWithCaller(Constructor.java:501)
	at java.base/java.lang.reflect.Constructor.newInstance(Constructor.java:485)
	at com.mysql.cj.exceptions.ExceptionFactory.createException(ExceptionFactory.java:61)
	at com.mysql.cj.exceptions.ExceptionFactory.createException(ExceptionFactory.java:105)
	at com.mysql.cj.exceptions.ExceptionFactory.createException(ExceptionFactory.java:151)
	at com.mysql.cj.exceptions.ExceptionFactory.createCommunicationsException(ExceptionFactory.java:167)
	at com.mysql.cj.protocol.a.NativeSocketConnection.connect(NativeSocketConnection.java:89)
	at com.mysql.cj.NativeSession.connect(NativeSession.java:120)
	at com.mysql.cj.jdbc.ConnectionImpl.connectOneTryOnly(ConnectionImpl.java:944)
	at com.mysql.cj.jdbc.ConnectionImpl.createNewIO(ConnectionImpl.java:814)
	... 48 common frames omitted
Caused by: java.net.ConnectException: Connection refused
	at java.base/sun.nio.ch.Net.pollConnect(Native Method)
	at java.base/sun.nio.ch.Net.pollConnectNow(Net.java:682)
	at java.base/sun.nio.ch.NioSocketImpl.timedFinishConnect(NioSocketImpl.java:542)
	at java.base/sun.nio.ch.NioSocketImpl.connect(NioSocketImpl.java:592)
	at java.base/java.net.SocksSocketImpl.connect(SocksSocketImpl.java:327)
	at java.base/java.net.Socket.connect(Socket.java:760)
	at com.mysql.cj.protocol.StandardSocketFactory.connect(StandardSocketFactory.java:153)
	at com.mysql.cj.protocol.a.NativeSocketConnection.connect(NativeSocketConnection.java:63)
	... 51 common frames omitted
2026-02-14 19:02:23.011 [main] WARN  org.hibernate.orm.deprecation - HHH90000025: MySQL8Dialect does not need to be specified explicitly using 'hibernate.dialect' (remove the property setting and it will be selected by default)
2026-02-14 19:02:23.011 [main] WARN  org.hibernate.orm.deprecation - HHH90000026: MySQL8Dialect has been deprecated; use org.hibernate.dialect.MySQLDialect instead
2026-02-14 19:02:23.017 [main] INFO  o.hibernate.orm.connections.pooling - HHH10001005: Database info:
	Database JDBC URL [Connecting through datasource 'HikariDataSource (null)']
	Database driver: undefined/unknown
	Database version: 8.0
	Autocommit mode: undefined/unknown
	Isolation level: undefined/unknown
	Minimum pool size: undefined/unknown
	Maximum pool size: undefined/unknown
2026-02-14 19:02:23.575 [main] INFO  o.h.e.t.j.p.i.JtaPlatformInitiator - HHH000489: No JTA platform available (set 'hibernate.transaction.jta.platform' to enable JTA platform integration)
2026-02-14 19:02:23.587 [main] INFO  com.zaxxer.hikari.HikariDataSource - HikariPool-1 - Starting...
2026-02-14 19:02:24.589 [main] WARN  o.h.e.jdbc.spi.SqlExceptionHelper - SQL Error: 0, SQLState: 08S01
2026-02-14 19:02:24.589 [main] ERROR o.h.e.jdbc.spi.SqlExceptionHelper - Communications link failure

The last packet sent successfully to the server was 0 milliseconds ago. The driver has not received any packets from the server.
2026-02-14 19:02:24.595 [main] ERROR o.s.o.j.LocalContainerEntityManagerFactoryBean - Failed to initialize JPA EntityManagerFactory: [PersistenceUnit: default] Unable to build Hibernate SessionFactory; nested exception is org.hibernate.exception.JDBCConnectionException: Unable to open JDBC Connection for DDL execution [Communications link failure

The last packet sent successfully to the server was 0 milliseconds ago. The driver has not received any packets from the server.] [n/a]
2026-02-14 19:02:24.596 [main] WARN  o.s.b.w.s.c.AnnotationConfigServletWebServerApplicationContext - Exception encountered during context initialization - cancelling refresh attempt: org.springframework.beans.factory.BeanCreationException: Error creating bean with name 'entityManagerFactory' defined in class path resource [org/springframework/boot/autoconfigure/orm/jpa/HibernateJpaConfiguration.class]: [PersistenceUnit: default] Unable to build Hibernate SessionFactory; nested exception is org.hibernate.exception.JDBCConnectionException: Unable to open JDBC Connection for DDL execution [Communications link failure

The last packet sent successfully to the server was 0 milliseconds ago. The driver has not received any packets from the server.] [n/a]
2026-02-14 19:02:24.599 [main] INFO  o.a.catalina.core.StandardService - Stopping service [Tomcat]
2026-02-14 19:02:24.610 [main] INFO  o.s.b.a.l.ConditionEvaluationReportLogger - 

Error starting ApplicationContext. To display the condition evaluation report re-run your application with 'debug' enabled.
2026-02-14 19:02:24.619 [main] ERROR o.s.boot.SpringApplication - Application run failed
org.springframework.beans.factory.BeanCreationException: Error creating bean with name 'entityManagerFactory' defined in class path resource [org/springframework/boot/autoconfigure/orm/jpa/HibernateJpaConfiguration.class]: [PersistenceUnit: default] Unable to build Hibernate SessionFactory; nested exception is org.hibernate.exception.JDBCConnectionException: Unable to open JDBC Connection for DDL execution [Communications link failure

The last packet sent successfully to the server was 0 milliseconds ago. The driver has not received any packets from the server.] [n/a]
	at org.springframework.beans.factory.support.AbstractAutowireCapableBeanFactory.initializeBean(AbstractAutowireCapableBeanFactory.java:1812)
	at org.springframework.beans.factory.support.AbstractAutowireCapableBeanFactory.doCreateBean(AbstractAutowireCapableBeanFactory.java:601)
	at org.springframework.beans.factory.support.AbstractAutowireCapableBeanFactory.createBean(AbstractAutowireCapableBeanFactory.java:523)
	at org.springframework.beans.factory.support.AbstractBeanFactory.lambda$doGetBean$0(AbstractBeanFactory.java:336)
	at org.springframework.beans.factory.support.DefaultSingletonBeanRegistry.getSingleton(DefaultSingletonBeanRegistry.java:307)
	at org.springframework.beans.factory.support.AbstractBeanFactory.doGetBean(AbstractBeanFactory.java:334)
	at org.springframework.beans.factory.support.AbstractBeanFactory.getBean(AbstractBeanFactory.java:204)
	at org.springframework.context.support.AbstractApplicationContext.finishBeanFactoryInitialization(AbstractApplicationContext.java:970)
	at org.springframework.context.support.AbstractApplicationContext.refresh(AbstractApplicationContext.java:627)
	at org.springframework.boot.web.servlet.context.ServletWebServerApplicationContext.refresh(ServletWebServerApplicationContext.java:146)
	at org.springframework.boot.SpringApplication.refresh(SpringApplication.java:752)
	at org.springframework.boot.SpringApplication.refreshContext(SpringApplication.java:439)
	at org.springframework.boot.SpringApplication.run(SpringApplication.java:318)
	at org.springframework.boot.SpringApplication.run(SpringApplication.java:1361)
	at org.springframework.boot.SpringApplication.run(SpringApplication.java:1350)
	at com.matvey.cinema.CinemaApplication.main(CinemaApplication.java:12)
Caused by: jakarta.persistence.PersistenceException: [PersistenceUnit: default] Unable to build Hibernate SessionFactory; nested exception is org.hibernate.exception.JDBCConnectionException: Unable to open JDBC Connection for DDL execution [Communications link failure

The last packet sent successfully to the server was 0 milliseconds ago. The driver has not received any packets from the server.] [n/a]
	at org.springframework.orm.jpa.AbstractEntityManagerFactoryBean.buildNativeEntityManagerFactory(AbstractEntityManagerFactoryBean.java:431)
	at org.springframework.orm.jpa.AbstractEntityManagerFactoryBean.afterPropertiesSet(AbstractEntityManagerFactoryBean.java:400)
	at org.springframework.orm.jpa.LocalContainerEntityManagerFactoryBean.afterPropertiesSet(LocalContainerEntityManagerFactoryBean.java:366)
	at org.springframework.beans.factory.support.AbstractAutowireCapableBeanFactory.invokeInitMethods(AbstractAutowireCapableBeanFactory.java:1859)
	at org.springframework.beans.factory.support.AbstractAutowireCapableBeanFactory.initializeBean(AbstractAutowireCapableBeanFactory.java:1808)
	... 15 common frames omitted
Caused by: org.hibernate.exception.JDBCConnectionException: Unable to open JDBC Connection for DDL execution [Communications link failure

The last packet sent successfully to the server was 0 milliseconds ago. The driver has not received any packets from the server.] [n/a]
	at org.hibernate.exception.internal.SQLStateConversionDelegate.convert(SQLStateConversionDelegate.java:100)
	at org.hibernate.exception.internal.StandardSQLExceptionConverter.convert(StandardSQLExceptionConverter.java:58)
	at org.hibernate.engine.jdbc.spi.SqlExceptionHelper.convert(SqlExceptionHelper.java:108)
	at org.hibernate.engine.jdbc.spi.SqlExceptionHelper.convert(SqlExceptionHelper.java:94)
	at org.hibernate.resource.transaction.backend.jdbc.internal.DdlTransactionIsolatorNonJtaImpl.getIsolatedConnection(DdlTransactionIsolatorNonJtaImpl.java:74)
	at org.hibernate.resource.transaction.backend.jdbc.internal.DdlTransactionIsolatorNonJtaImpl.getIsolatedConnection(DdlTransactionIsolatorNonJtaImpl.java:39)
	at org.hibernate.tool.schema.internal.exec.ImprovedExtractionContextImpl.getJdbcConnection(ImprovedExtractionContextImpl.java:63)
	at org.hibernate.tool.schema.internal.exec.ImprovedExtractionContextImpl.getJdbcDatabaseMetaData(ImprovedExtractionContextImpl.java:70)
	at org.hibernate.tool.schema.extract.internal.InformationExtractorJdbcDatabaseMetaDataImpl.processTableResultSet(InformationExtractorJdbcDatabaseMetaDataImpl.java:65)
	at org.hibernate.tool.schema.extract.internal.AbstractInformationExtractorImpl.getTables(AbstractInformationExtractorImpl.java:570)
	at org.hibernate.tool.schema.extract.internal.DatabaseInformationImpl.getTablesInformation(DatabaseInformationImpl.java:122)
	at org.hibernate.tool.schema.internal.GroupedSchemaMigratorImpl.performTablesMigration(GroupedSchemaMigratorImpl.java:72)
	at org.hibernate.tool.schema.internal.AbstractSchemaMigrator.performMigration(AbstractSchemaMigrator.java:233)
	at org.hibernate.tool.schema.internal.AbstractSchemaMigrator.doMigration(AbstractSchemaMigrator.java:112)
	at org.hibernate.tool.schema.spi.SchemaManagementToolCoordinator.performDatabaseAction(SchemaManagementToolCoordinator.java:280)
	at org.hibernate.tool.schema.spi.SchemaManagementToolCoordinator.lambda$process$5(SchemaManagementToolCoordinator.java:144)
	at java.base/java.util.HashMap.forEach(HashMap.java:1430)
	at org.hibernate.tool.schema.spi.SchemaManagementToolCoordinator.process(SchemaManagementToolCoordinator.java:141)
	at org.hibernate.boot.internal.SessionFactoryObserverForSchemaExport.sessionFactoryCreated(SessionFactoryObserverForSchemaExport.java:37)
	at org.hibernate.internal.SessionFactoryObserverChain.sessionFactoryCreated(SessionFactoryObserverChain.java:35)
	at org.hibernate.internal.SessionFactoryImpl.<init>(SessionFactoryImpl.java:324)
	at org.hibernate.boot.internal.SessionFactoryBuilderImpl.build(SessionFactoryBuilderImpl.java:463)
	at org.hibernate.jpa.boot.internal.EntityManagerFactoryBuilderImpl.build(EntityManagerFactoryBuilderImpl.java:1506)
	at org.springframework.orm.jpa.vendor.SpringHibernateJpaPersistenceProvider.createContainerEntityManagerFactory(SpringHibernateJpaPersistenceProvider.java:66)
	at org.springframework.orm.jpa.LocalContainerEntityManagerFactoryBean.createNativeEntityManagerFactory(LocalContainerEntityManagerFactoryBean.java:390)
	at org.springframework.orm.jpa.AbstractEntityManagerFactoryBean.buildNativeEntityManagerFactory(AbstractEntityManagerFactoryBean.java:419)
	... 19 common frames omitted
Caused by: com.mysql.cj.jdbc.exceptions.CommunicationsException: Communications link failure

The last packet sent successfully to the server was 0 milliseconds ago. The driver has not received any packets from the server.
	at com.mysql.cj.jdbc.exceptions.SQLError.createCommunicationsException(SQLError.java:174)
	at com.mysql.cj.jdbc.exceptions.SQLExceptionsMapping.translateException(SQLExceptionsMapping.java:64)
	at com.mysql.cj.jdbc.ConnectionImpl.createNewIO(ConnectionImpl.java:824)
	at com.mysql.cj.jdbc.ConnectionImpl.<init>(ConnectionImpl.java:444)
	at com.mysql.cj.jdbc.ConnectionImpl.getInstance(ConnectionImpl.java:237)
	at com.mysql.cj.jdbc.NonRegisteringDriver.connect(NonRegisteringDriver.java:198)
	at com.zaxxer.hikari.util.DriverDataSource.getConnection(DriverDataSource.java:137)
	at com.zaxxer.hikari.pool.PoolBase.newConnection(PoolBase.java:360)
	at com.zaxxer.hikari.pool.PoolBase.newPoolEntry(PoolBase.java:202)
	at com.zaxxer.hikari.pool.HikariPool.createPoolEntry(HikariPool.java:461)
	at com.zaxxer.hikari.pool.HikariPool.checkFailFast(HikariPool.java:550)
	at com.zaxxer.hikari.pool.HikariPool.<init>(HikariPool.java:98)
	at com.zaxxer.hikari.HikariDataSource.getConnection(HikariDataSource.java:111)
	at org.hibernate.engine.jdbc.connections.internal.DatasourceConnectionProviderImpl.getConnection(DatasourceConnectionProviderImpl.java:126)
	at org.hibernate.engine.jdbc.env.internal.JdbcEnvironmentInitiator$ConnectionProviderJdbcConnectionAccess.obtainConnection(JdbcEnvironmentInitiator.java:467)
	at org.hibernate.resource.transaction.backend.jdbc.internal.DdlTransactionIsolatorNonJtaImpl.getIsolatedConnection(DdlTransactionIsolatorNonJtaImpl.java:46)
	... 40 common frames omitted
Caused by: com.mysql.cj.exceptions.CJCommunicationsException: Communications link failure

The last packet sent successfully to the server was 0 milliseconds ago. The driver has not received any packets from the server.
	at java.base/jdk.internal.reflect.DirectConstructorHandleAccessor.newInstance(DirectConstructorHandleAccessor.java:62)
	at java.base/java.lang.reflect.Constructor.newInstanceWithCaller(Constructor.java:501)
	at java.base/java.lang.reflect.Constructor.newInstance(Constructor.java:485)
	at com.mysql.cj.exceptions.ExceptionFactory.createException(ExceptionFactory.java:61)
	at com.mysql.cj.exceptions.ExceptionFactory.createException(ExceptionFactory.java:105)
	at com.mysql.cj.exceptions.ExceptionFactory.createException(ExceptionFactory.java:151)
	at com.mysql.cj.exceptions.ExceptionFactory.createCommunicationsException(ExceptionFactory.java:167)
	at com.mysql.cj.protocol.a.NativeSocketConnection.connect(NativeSocketConnection.java:89)
	at com.mysql.cj.NativeSession.connect(NativeSession.java:120)
	at com.mysql.cj.jdbc.ConnectionImpl.connectOneTryOnly(ConnectionImpl.java:944)
	at com.mysql.cj.jdbc.ConnectionImpl.createNewIO(ConnectionImpl.java:814)
	... 53 common frames omitted
Caused by: java.net.ConnectException: Connection refused
	at java.base/sun.nio.ch.Net.pollConnect(Native Method)
	at java.base/sun.nio.ch.Net.pollConnectNow(Net.java:682)
	at java.base/sun.nio.ch.NioSocketImpl.timedFinishConnect(NioSocketImpl.java:542)
	at java.base/sun.nio.ch.NioSocketImpl.connect(NioSocketImpl.java:592)
	at java.base/java.net.SocksSocketImpl.connect(SocksSocketImpl.java:327)
	at java.base/java.net.Socket.connect(Socket.java:760)
	at com.mysql.cj.protocol.StandardSocketFactory.connect(StandardSocketFactory.java:153)
	at com.mysql.cj.protocol.a.NativeSocketConnection.connect(NativeSocketConnection.java:63)
	... 56 common frames omitted
2026-02-14 20:55:54.624 [background-preinit] INFO  o.h.validator.internal.util.Version - HV000001: Hibernate Validator 8.0.2.Final
2026-02-14 20:55:54.682 [main] INFO  com.matvey.cinema.CinemaApplication - Starting CinemaApplication using Java 23.0.2 with PID 38713 (/home/dimin/buy-ticket-application/code/CinemaPro/target/classes started by dimin in /home/dimin/buy-ticket-application/code/CinemaPro)
2026-02-14 20:55:54.683 [main] DEBUG com.matvey.cinema.CinemaApplication - Running with Spring Boot v3.4.2, Spring v6.2.2
2026-02-14 20:55:54.684 [main] INFO  com.matvey.cinema.CinemaApplication - No active profile set, falling back to 1 default profile: "default"
2026-02-14 20:55:55.510 [main] INFO  o.s.d.r.c.RepositoryConfigurationDelegate - Bootstrapping Spring Data JPA repositories in DEFAULT mode.
2026-02-14 20:55:55.555 [main] INFO  o.s.d.r.c.RepositoryConfigurationDelegate - Finished Spring Data repository scanning in 36 ms. Found 7 JPA repository interfaces.
2026-02-14 20:55:56.002 [main] INFO  o.s.b.w.e.tomcat.TomcatWebServer - Tomcat initialized with port 8080 (http)
2026-02-14 20:55:56.008 [main] INFO  o.a.coyote.http11.Http11NioProtocol - Initializing ProtocolHandler ["http-nio-8080"]
2026-02-14 20:55:56.009 [main] INFO  o.a.catalina.core.StandardService - Starting service [Tomcat]
2026-02-14 20:55:56.009 [main] INFO  o.a.catalina.core.StandardEngine - Starting Servlet engine: [Apache Tomcat/10.1.34]
2026-02-14 20:55:56.035 [main] INFO  o.a.c.c.C.[Tomcat].[localhost].[/] - Initializing Spring embedded WebApplicationContext
2026-02-14 20:55:56.035 [main] INFO  o.s.b.w.s.c.ServletWebServerApplicationContext - Root WebApplicationContext: initialization completed in 1294 ms
2026-02-14 20:55:56.222 [main] INFO  o.h.jpa.internal.util.LogHelper - HHH000204: Processing PersistenceUnitInfo [name: default]
2026-02-14 20:55:56.258 [main] INFO  org.hibernate.Version - HHH000412: Hibernate ORM core version 6.6.5.Final
2026-02-14 20:55:56.276 [main] INFO  o.h.c.i.RegionFactoryInitiator - HHH000026: Second-level cache disabled
2026-02-14 20:55:56.437 [main] INFO  o.s.o.j.p.SpringPersistenceUnitInfo - No LoadTimeWeaver setup: ignoring JPA class transformer
2026-02-14 20:55:56.455 [main] INFO  com.zaxxer.hikari.HikariDataSource - HikariPool-1 - Starting...
2026-02-14 20:55:57.502 [main] WARN  o.h.e.jdbc.spi.SqlExceptionHelper - SQL Error: 0, SQLState: 08S01
2026-02-14 20:55:57.502 [main] ERROR o.h.e.jdbc.spi.SqlExceptionHelper - Communications link failure

The last packet sent successfully to the server was 0 milliseconds ago. The driver has not received any packets from the server.
2026-02-14 20:55:57.505 [main] WARN  o.h.e.j.e.i.JdbcEnvironmentInitiator - HHH000342: Could not obtain connection to query metadata
org.hibernate.exception.JDBCConnectionException: unable to obtain isolated JDBC connection [Communications link failure

The last packet sent successfully to the server was 0 milliseconds ago. The driver has not received any packets from the server.] [n/a]
	at org.hibernate.exception.internal.SQLStateConversionDelegate.convert(SQLStateConversionDelegate.java:100)
	at org.hibernate.exception.internal.StandardSQLExceptionConverter.convert(StandardSQLExceptionConverter.java:58)
	at org.hibernate.engine.jdbc.spi.SqlExceptionHelper.convert(SqlExceptionHelper.java:108)
	at org.hibernate.engine.jdbc.spi.SqlExceptionHelper.convert(SqlExceptionHelper.java:94)
	at org.hibernate.resource.transaction.backend.jdbc.internal.JdbcIsolationDelegate.delegateWork(JdbcIsolationDelegate.java:116)
	at org.hibernate.engine.jdbc.env.internal.JdbcEnvironmentInitiator.getJdbcEnvironmentUsingJdbcMetadata(JdbcEnvironmentInitiator.java:320)
	at org.hibernate.engine.jdbc.env.internal.JdbcEnvironmentInitiator.initiateService(JdbcEnvironmentInitiator.java:129)
	at org.hibernate.engine.jdbc.env.internal.JdbcEnvironmentInitiator.initiateService(JdbcEnvironmentInitiator.java:81)
	at org.hibernate.boot.registry.internal.StandardServiceRegistryImpl.initiateService(StandardServiceRegistryImpl.java:130)
	at org.hibernate.service.internal.AbstractServiceRegistryImpl.createService(AbstractServiceRegistryImpl.java:263)
	at org.hibernate.service.internal.AbstractServiceRegistryImpl.initializeService(AbstractServiceRegistryImpl.java:238)
	at org.hibernate.service.internal.AbstractServiceRegistryImpl.getService(AbstractServiceRegistryImpl.java:215)
	at org.hibernate.boot.model.relational.Database.<init>(Database.java:45)
	at org.hibernate.boot.internal.InFlightMetadataCollectorImpl.getDatabase(InFlightMetadataCollectorImpl.java:226)
	at org.hibernate.boot.internal.InFlightMetadataCollectorImpl.<init>(InFlightMetadataCollectorImpl.java:194)
	at org.hibernate.boot.model.process.spi.MetadataBuildingProcess.complete(MetadataBuildingProcess.java:171)
	at org.hibernate.jpa.boot.internal.EntityManagerFactoryBuilderImpl.metadata(EntityManagerFactoryBuilderImpl.java:1431)
	at org.hibernate.jpa.boot.internal.EntityManagerFactoryBuilderImpl.build(EntityManagerFactoryBuilderImpl.java:1502)
	at org.springframework.orm.jpa.vendor.SpringHibernateJpaPersistenceProvider.createContainerEntityManagerFactory(SpringHibernateJpaPersistenceProvider.java:66)
	at org.springframework.orm.jpa.LocalContainerEntityManagerFactoryBean.createNativeEntityManagerFactory(LocalContainerEntityManagerFactoryBean.java:390)
	at org.springframework.orm.jpa.AbstractEntityManagerFactoryBean.buildNativeEntityManagerFactory(AbstractEntityManagerFactoryBean.java:419)
	at org.springframework.orm.jpa.AbstractEntityManagerFactoryBean.afterPropertiesSet(AbstractEntityManagerFactoryBean.java:400)
	at org.springframework.orm.jpa.LocalContainerEntityManagerFactoryBean.afterPropertiesSet(LocalContainerEntityManagerFactoryBean.java:366)
	at org.springframework.beans.factory.support.AbstractAutowireCapableBeanFactory.invokeInitMethods(AbstractAutowireCapableBeanFactory.java:1859)
	at org.springframework.beans.factory.support.AbstractAutowireCapableBeanFactory.initializeBean(AbstractAutowireCapableBeanFactory.java:1808)
	at org.springframework.beans.factory.support.AbstractAutowireCapableBeanFactory.doCreateBean(AbstractAutowireCapableBeanFactory.java:601)
	at org.springframework.beans.factory.support.AbstractAutowireCapableBeanFactory.createBean(AbstractAutowireCapableBeanFactory.java:523)
	at org.springframework.beans.factory.support.AbstractBeanFactory.lambda$doGetBean$0(AbstractBeanFactory.java:336)
	at org.springframework.beans.factory.support.DefaultSingletonBeanRegistry.getSingleton(DefaultSingletonBeanRegistry.java:307)
	at org.springframework.beans.factory.support.AbstractBeanFactory.doGetBean(AbstractBeanFactory.java:334)
	at org.springframework.beans.factory.support.AbstractBeanFactory.getBean(AbstractBeanFactory.java:204)
	at org.springframework.context.support.AbstractApplicationContext.finishBeanFactoryInitialization(AbstractApplicationContext.java:970)
	at org.springframework.context.support.AbstractApplicationContext.refresh(AbstractApplicationContext.java:627)
	at org.springframework.boot.web.servlet.context.ServletWebServerApplicationContext.refresh(ServletWebServerApplicationContext.java:146)
	at org.springframework.boot.SpringApplication.refresh(SpringApplication.java:752)
	at org.springframework.boot.SpringApplication.refreshContext(SpringApplication.java:439)
	at org.springframework.boot.SpringApplication.run(SpringApplication.java:318)
	at org.springframework.boot.SpringApplication.run(SpringApplication.java:1361)
	at org.springframework.boot.SpringApplication.run(SpringApplication.java:1350)
	at com.matvey.cinema.CinemaApplication.main(CinemaApplication.java:12)
Caused by: com.mysql.cj.jdbc.exceptions.CommunicationsException: Communications link failure

The last packet sent successfully to the server was 0 milliseconds ago. The driver has not received any packets from the server.
	at com.mysql.cj.jdbc.exceptions.SQLError.createCommunicationsException(SQLError.java:174)
	at com.mysql.cj.jdbc.exceptions.SQLExceptionsMapping.translateException(SQLExceptionsMapping.java:64)
	at com.mysql.cj.jdbc.ConnectionImpl.createNewIO(ConnectionImpl.java:824)
	at com.mysql.cj.jdbc.ConnectionImpl.<init>(ConnectionImpl.java:444)
	at com.mysql.cj.jdbc.ConnectionImpl.getInstance(ConnectionImpl.java:237)
	at com.mysql.cj.jdbc.NonRegisteringDriver.connect(NonRegisteringDriver.java:198)
	at com.zaxxer.hikari.util.DriverDataSource.getConnection(DriverDataSource.java:137)
	at com.zaxxer.hikari.pool.PoolBase.newConnection(PoolBase.java:360)
	at com.zaxxer.hikari.pool.PoolBase.newPoolEntry(PoolBase.java:202)
	at com.zaxxer.hikari.pool.HikariPool.createPoolEntry(HikariPool.java:461)
	at com.zaxxer.hikari.pool.HikariPool.checkFailFast(HikariPool.java:550)
	at com.zaxxer.hikari.pool.HikariPool.<init>(HikariPool.java:98)
	at com.zaxxer.hikari.HikariDataSource.getConnection(HikariDataSource.java:111)
	at org.hibernate.engine.jdbc.connections.internal.DatasourceConnectionProviderImpl.getConnection(DatasourceConnectionProviderImpl.java:126)
	at org.hibernate.engine.jdbc.env.internal.JdbcEnvironmentInitiator$ConnectionProviderJdbcConnectionAccess.obtainConnection(JdbcEnvironmentInitiator.java:467)
	at org.hibernate.resource.transaction.backend.jdbc.internal.JdbcIsolationDelegate.delegateWork(JdbcIsolationDelegate.java:61)
	... 35 common frames omitted
Caused by: com.mysql.cj.exceptions.CJCommunicationsException: Communications link failure

The last packet sent successfully to the server was 0 milliseconds ago. The driver has not received any packets from the server.
	at java.base/jdk.internal.reflect.DirectConstructorHandleAccessor.newInstance(DirectConstructorHandleAccessor.java:62)
	at java.base/java.lang.reflect.Constructor.newInstanceWithCaller(Constructor.java:501)
	at java.base/java.lang.reflect.Constructor.newInstance(Constructor.java:485)
	at com.mysql.cj.exceptions.ExceptionFactory.createException(ExceptionFactory.java:61)
	at com.mysql.cj.exceptions.ExceptionFactory.createException(ExceptionFactory.java:105)
	at com.mysql.cj.exceptions.ExceptionFactory.createException(ExceptionFactory.java:151)
	at com.mysql.cj.exceptions.ExceptionFactory.createCommunicationsException(ExceptionFactory.java:167)
	at com.mysql.cj.protocol.a.NativeSocketConnection.connect(NativeSocketConnection.java:89)
	at com.mysql.cj.NativeSession.connect(NativeSession.java:120)
	at com.mysql.cj.jdbc.ConnectionImpl.connectOneTryOnly(ConnectionImpl.java:944)
	at com.mysql.cj.jdbc.ConnectionImpl.createNewIO(ConnectionImpl.java:814)
	... 48 common frames omitted
Caused by: java.net.ConnectException: Connection refused
	at java.base/sun.nio.ch.Net.pollConnect(Native Method)
	at java.base/sun.nio.ch.Net.pollConnectNow(Net.java:682)
	at java.base/sun.nio.ch.NioSocketImpl.timedFinishConnect(NioSocketImpl.java:542)
	at java.base/sun.nio.ch.NioSocketImpl.connect(NioSocketImpl.java:592)
	at java.base/java.net.SocksSocketImpl.connect(SocksSocketImpl.java:327)
	at java.base/java.net.Socket.connect(Socket.java:760)
	at com.mysql.cj.protocol.StandardSocketFactory.connect(StandardSocketFactory.java:153)
	at com.mysql.cj.protocol.a.NativeSocketConnection.connect(NativeSocketConnection.java:63)
	... 51 common frames omitted
2026-02-14 20:55:57.521 [main] WARN  org.hibernate.orm.deprecation - HHH90000025: MySQL8Dialect does not need to be specified explicitly using 'hibernate.dialect' (remove the property setting and it will be selected by default)
2026-02-14 20:55:57.522 [main] WARN  org.hibernate.orm.deprecation - HHH90000026: MySQL8Dialect has been deprecated; use org.hibernate.dialect.MySQLDialect instead
2026-02-14 20:55:57.528 [main] INFO  o.hibernate.orm.connections.pooling - HHH10001005: Database info:
	Database JDBC URL [Connecting through datasource 'HikariDataSource (null)']
	Database driver: undefined/unknown
	Database version: 8.0
	Autocommit mode: undefined/unknown
	Isolation level: undefined/unknown
	Minimum pool size: undefined/unknown
	Maximum pool size: undefined/unknown
2026-02-14 20:55:58.158 [main] INFO  o.h.e.t.j.p.i.JtaPlatformInitiator - HHH000489: No JTA platform available (set 'hibernate.transaction.jta.platform' to enable JTA platform integration)
2026-02-14 20:55:58.172 [main] INFO  com.zaxxer.hikari.HikariDataSource - HikariPool-1 - Starting...
2026-02-14 20:55:59.174 [main] WARN  o.h.e.jdbc.spi.SqlExceptionHelper - SQL Error: 0, SQLState: 08S01
2026-02-14 20:55:59.174 [main] ERROR o.h.e.jdbc.spi.SqlExceptionHelper - Communications link failure

The last packet sent successfully to the server was 0 milliseconds ago. The driver has not received any packets from the server.
2026-02-14 20:55:59.180 [main] ERROR o.s.o.j.LocalContainerEntityManagerFactoryBean - Failed to initialize JPA EntityManagerFactory: [PersistenceUnit: default] Unable to build Hibernate SessionFactory; nested exception is org.hibernate.exception.JDBCConnectionException: Unable to open JDBC Connection for DDL execution [Communications link failure

The last packet sent successfully to the server was 0 milliseconds ago. The driver has not received any packets from the server.] [n/a]
2026-02-14 20:55:59.181 [main] WARN  o.s.b.w.s.c.AnnotationConfigServletWebServerApplicationContext - Exception encountered during context initialization - cancelling refresh attempt: org.springframework.beans.factory.BeanCreationException: Error creating bean with name 'entityManagerFactory' defined in class path resource [org/springframework/boot/autoconfigure/orm/jpa/HibernateJpaConfiguration.class]: [PersistenceUnit: default] Unable to build Hibernate SessionFactory; nested exception is org.hibernate.exception.JDBCConnectionException: Unable to open JDBC Connection for DDL execution [Communications link failure

The last packet sent successfully to the server was 0 milliseconds ago. The driver has not received any packets from the server.] [n/a]
2026-02-14 20:55:59.184 [main] INFO  o.a.catalina.core.StandardService - Stopping service [Tomcat]
2026-02-14 20:55:59.199 [main] INFO  o.s.b.a.l.ConditionEvaluationReportLogger - 

Error starting ApplicationContext. To display the condition evaluation report re-run your application with 'debug' enabled.
2026-02-14 20:55:59.208 [main] ERROR o.s.boot.SpringApplication - Application run failed
org.springframework.beans.factory.BeanCreationException: Error creating bean with name 'entityManagerFactory' defined in class path resource [org/springframework/boot/autoconfigure/orm/jpa/HibernateJpaConfiguration.class]: [PersistenceUnit: default] Unable to build Hibernate SessionFactory; nested exception is org.hibernate.exception.JDBCConnectionException: Unable to open JDBC Connection for DDL execution [Communications link failure

The last packet sent successfully to the server was 0 milliseconds ago. The driver has not received any packets from the server.] [n/a]
	at org.springframework.beans.factory.support.AbstractAutowireCapableBeanFactory.initializeBean(AbstractAutowireCapableBeanFactory.java:1812)
	at org.springframework.beans.factory.support.AbstractAutowireCapableBeanFactory.doCreateBean(AbstractAutowireCapableBeanFactory.java:601)
	at org.springframework.beans.factory.support.AbstractAutowireCapableBeanFactory.createBean(AbstractAutowireCapableBeanFactory.java:523)
	at org.springframework.beans.factory.support.AbstractBeanFactory.lambda$doGetBean$0(AbstractBeanFactory.java:336)
	at org.springframework.beans.factory.support.DefaultSingletonBeanRegistry.getSingleton(DefaultSingletonBeanRegistry.java:307)
	at org.springframework.beans.factory.support.AbstractBeanFactory.doGetBean(AbstractBeanFactory.java:334)
	at org.springframework.beans.factory.support.AbstractBeanFactory.getBean(AbstractBeanFactory.java:204)
	at org.springframework.context.support.AbstractApplicationContext.finishBeanFactoryInitialization(AbstractApplicationContext.java:970)
	at org.springframework.context.support.AbstractApplicationContext.refresh(AbstractApplicationContext.java:627)
	at org.springframework.boot.web.servlet.context.ServletWebServerApplicationContext.refresh(ServletWebServerApplicationContext.java:146)
	at org.springframework.boot.SpringApplication.refresh(SpringApplication.java:752)
	at org.springframework.boot.SpringApplication.refreshContext(SpringApplication.java:439)
	at org.springframework.boot.SpringApplication.run(SpringApplication.java:318)
	at org.springframework.boot.SpringApplication.run(SpringApplication.java:1361)
	at org.springframework.boot.SpringApplication.run(SpringApplication.java:1350)
	at com.matvey.cinema.CinemaApplication.main(CinemaApplication.java:12)
Caused by: jakarta.persistence.PersistenceException: [PersistenceUnit: default] Unable to build Hibernate SessionFactory; nested exception is org.hibernate.exception.JDBCConnectionException: Unable to open JDBC Connection for DDL execution [Communications link failure

The last packet sent successfully to the server was 0 milliseconds ago. The driver has not received any packets from the server.] [n/a]
	at org.springframework.orm.jpa.AbstractEntityManagerFactoryBean.buildNativeEntityManagerFactory(AbstractEntityManagerFactoryBean.java:431)
	at org.springframework.orm.jpa.AbstractEntityManagerFactoryBean.afterPropertiesSet(AbstractEntityManagerFactoryBean.java:400)
	at org.springframework.orm.jpa.LocalContainerEntityManagerFactoryBean.afterPropertiesSet(LocalContainerEntityManagerFactoryBean.java:366)
	at org.springframework.beans.factory.support.AbstractAutowireCapableBeanFactory.invokeInitMethods(AbstractAutowireCapableBeanFactory.java:1859)
	at org.springframework.beans.factory.support.AbstractAutowireCapableBeanFactory.initializeBean(AbstractAutowireCapableBeanFactory.java:1808)
	... 15 common frames omitted
Caused by: org.hibernate.exception.JDBCConnectionException: Unable to open JDBC Connection for DDL execution [Communications link failure

The last packet sent successfully to the server was 0 milliseconds ago. The driver has not received any packets from the server.] [n/a]
	at org.hibernate.exception.internal.SQLStateConversionDelegate.convert(SQLStateConversionDelegate.java:100)
	at org.hibernate.exception.internal.StandardSQLExceptionConverter.convert(StandardSQLExceptionConverter.java:58)
	at org.hibernate.engine.jdbc.spi.SqlExceptionHelper.convert(SqlExceptionHelper.java:108)
	at org.hibernate.engine.jdbc.spi.SqlExceptionHelper.convert(SqlExceptionHelper.java:94)
	at org.hibernate.resource.transaction.backend.jdbc.internal.DdlTransactionIsolatorNonJtaImpl.getIsolatedConnection(DdlTransactionIsolatorNonJtaImpl.java:74)
	at org.hibernate.resource.transaction.backend.jdbc.internal.DdlTransactionIsolatorNonJtaImpl.getIsolatedConnection(DdlTransactionIsolatorNonJtaImpl.java:39)
	at org.hibernate.tool.schema.internal.exec.ImprovedExtractionContextImpl.getJdbcConnection(ImprovedExtractionContextImpl.java:63)
	at org.hibernate.tool.schema.internal.exec.ImprovedExtractionContextImpl.getJdbcDatabaseMetaData(ImprovedExtractionContextImpl.java:70)
	at org.hibernate.tool.schema.extract.internal.InformationExtractorJdbcDatabaseMetaDataImpl.processTableResultSet(InformationExtractorJdbcDatabaseMetaDataImpl.java:65)
	at org.hibernate.tool.schema.extract.internal.AbstractInformationExtractorImpl.getTables(AbstractInformationExtractorImpl.java:570)
	at org.hibernate.tool.schema.extract.internal.DatabaseInformationImpl.getTablesInformation(DatabaseInformationImpl.java:122)
	at org.hibernate.tool.schema.internal.GroupedSchemaMigratorImpl.performTablesMigration(GroupedSchemaMigratorImpl.java:72)
	at org.hibernate.tool.schema.internal.AbstractSchemaMigrator.performMigration(AbstractSchemaMigrator.java:233)
	at org.hibernate.tool.schema.internal.AbstractSchemaMigrator.doMigration(AbstractSchemaMigrator.java:112)
	at org.hibernate.tool.schema.spi.SchemaManagementToolCoordinator.performDatabaseAction(SchemaManagementToolCoordinator.java:280)
	at org.hibernate.tool.schema.spi.SchemaManagementToolCoordinator.lambda$process$5(SchemaManagementToolCoordinator.java:144)
	at java.base/java.util.HashMap.forEach(HashMap.java:1430)
	at org.hibernate.tool.schema.spi.SchemaManagementToolCoordinator.process(SchemaManagementToolCoordinator.java:141)
	at org.hibernate.boot.internal.SessionFactoryObserverForSchemaExport.sessionFactoryCreated(SessionFactoryObserverForSchemaExport.java:37)
	at org.hibernate.internal.SessionFactoryObserverChain.sessionFactoryCreated(SessionFactoryObserverChain.java:35)
	at org.hibernate.internal.SessionFactoryImpl.<init>(SessionFactoryImpl.java:324)
	at org.hibernate.boot.internal.SessionFactoryBuilderImpl.build(SessionFactoryBuilderImpl.java:463)
	at org.hibernate.jpa.boot.internal.EntityManagerFactoryBuilderImpl.build(EntityManagerFactoryBuilderImpl.java:1506)
	at org.springframework.orm.jpa.vendor.SpringHibernateJpaPersistenceProvider.createContainerEntityManagerFactory(SpringHibernateJpaPersistenceProvider.java:66)
	at org.springframework.orm.jpa.LocalContainerEntityManagerFactoryBean.createNativeEntityManagerFactory(LocalContainerEntityManagerFactoryBean.java:390)
	at org.springframework.orm.jpa.AbstractEntityManagerFactoryBean.buildNativeEntityManagerFactory(AbstractEntityManagerFactoryBean.java:419)
	... 19 common frames omitted
Caused by: com.mysql.cj.jdbc.exceptions.CommunicationsException: Communications link failure

The last packet sent successfully to the server was 0 milliseconds ago. The driver has not received any packets from the server.
	at com.mysql.cj.jdbc.exceptions.SQLError.createCommunicationsException(SQLError.java:174)
	at com.mysql.cj.jdbc.exceptions.SQLExceptionsMapping.translateException(SQLExceptionsMapping.java:64)
	at com.mysql.cj.jdbc.ConnectionImpl.createNewIO(ConnectionImpl.java:824)
	at com.mysql.cj.jdbc.ConnectionImpl.<init>(ConnectionImpl.java:444)
	at com.mysql.cj.jdbc.ConnectionImpl.getInstance(ConnectionImpl.java:237)
	at com.mysql.cj.jdbc.NonRegisteringDriver.connect(NonRegisteringDriver.java:198)
	at com.zaxxer.hikari.util.DriverDataSource.getConnection(DriverDataSource.java:137)
	at com.zaxxer.hikari.pool.PoolBase.newConnection(PoolBase.java:360)
	at com.zaxxer.hikari.pool.PoolBase.newPoolEntry(PoolBase.java:202)
	at com.zaxxer.hikari.pool.HikariPool.createPoolEntry(HikariPool.java:461)
	at com.zaxxer.hikari.pool.HikariPool.checkFailFast(HikariPool.java:550)
	at com.zaxxer.hikari.pool.HikariPool.<init>(HikariPool.java:98)
	at com.zaxxer.hikari.HikariDataSource.getConnection(HikariDataSource.java:111)
	at org.hibernate.engine.jdbc.connections.internal.DatasourceConnectionProviderImpl.getConnection(DatasourceConnectionProviderImpl.java:126)
	at org.hibernate.engine.jdbc.env.internal.JdbcEnvironmentInitiator$ConnectionProviderJdbcConnectionAccess.obtainConnection(JdbcEnvironmentInitiator.java:467)
	at org.hibernate.resource.transaction.backend.jdbc.internal.DdlTransactionIsolatorNonJtaImpl.getIsolatedConnection(DdlTransactionIsolatorNonJtaImpl.java:46)
	... 40 common frames omitted
Caused by: com.mysql.cj.exceptions.CJCommunicationsException: Communications link failure

The last packet sent successfully to the server was 0 milliseconds ago. The driver has not received any packets from the server.
	at java.base/jdk.internal.reflect.DirectConstructorHandleAccessor.newInstance(DirectConstructorHandleAccessor.java:62)
	at java.base/java.lang.reflect.Constructor.newInstanceWithCaller(Constructor.java:501)
	at java.base/java.lang.reflect.Constructor.newInstance(Constructor.java:485)
	at com.mysql.cj.exceptions.ExceptionFactory.createException(ExceptionFactory.java:61)
	at com.mysql.cj.exceptions.ExceptionFactory.createException(ExceptionFactory.java:105)
	at com.mysql.cj.exceptions.ExceptionFactory.createException(ExceptionFactory.java:151)
	at com.mysql.cj.exceptions.ExceptionFactory.createCommunicationsException(ExceptionFactory.java:167)
	at com.mysql.cj.protocol.a.NativeSocketConnection.connect(NativeSocketConnection.java:89)
	at com.mysql.cj.NativeSession.connect(NativeSession.java:120)
	at com.mysql.cj.jdbc.ConnectionImpl.connectOneTryOnly(ConnectionImpl.java:944)
	at com.mysql.cj.jdbc.ConnectionImpl.createNewIO(ConnectionImpl.java:814)
	... 53 common frames omitted
Caused by: java.net.ConnectException: Connection refused
	at java.base/sun.nio.ch.Net.pollConnect(Native Method)
	at java.base/sun.nio.ch.Net.pollConnectNow(Net.java:682)
	at java.base/sun.nio.ch.NioSocketImpl.timedFinishConnect(NioSocketImpl.java:542)
	at java.base/sun.nio.ch.NioSocketImpl.connect(NioSocketImpl.java:592)
	at java.base/java.net.SocksSocketImpl.connect(SocksSocketImpl.java:327)
	at java.base/java.net.Socket.connect(Socket.java:760)
	at com.mysql.cj.protocol.StandardSocketFactory.connect(StandardSocketFactory.java:153)
	at com.mysql.cj.protocol.a.NativeSocketConnection.connect(NativeSocketConnection.java:63)
	... 56 common frames omitted
2026-02-14 20:58:20.939 [background-preinit] INFO  o.h.validator.internal.util.Version - HV000001: Hibernate Validator 8.0.2.Final
2026-02-14 20:58:20.967 [main] INFO  com.matvey.cinema.CinemaApplication - Starting CinemaApplication using Java 23.0.2 with PID 40190 (/home/dimin/buy-ticket-application/code/CinemaPro/target/classes started by dimin in /home/dimin/buy-ticket-application/code/CinemaPro)
2026-02-14 20:58:20.968 [main] DEBUG com.matvey.cinema.CinemaApplication - Running with Spring Boot v3.4.2, Spring v6.2.2
2026-02-14 20:58:20.968 [main] INFO  com.matvey.cinema.CinemaApplication - No active profile set, falling back to 1 default profile: "default"
2026-02-14 20:58:21.622 [main] INFO  o.s.d.r.c.RepositoryConfigurationDelegate - Bootstrapping Spring Data JPA repositories in DEFAULT mode.
2026-02-14 20:58:21.662 [main] INFO  o.s.d.r.c.RepositoryConfigurationDelegate - Finished Spring Data repository scanning in 35 ms. Found 7 JPA repository interfaces.
2026-02-14 20:58:22.111 [main] INFO  o.s.b.w.e.tomcat.TomcatWebServer - Tomcat initialized with port 8080 (http)
2026-02-14 20:58:22.118 [main] INFO  o.a.coyote.http11.Http11NioProtocol - Initializing ProtocolHandler ["http-nio-8080"]
2026-02-14 20:58:22.119 [main] INFO  o.a.catalina.core.StandardService - Starting service [Tomcat]
2026-02-14 20:58:22.119 [main] INFO  o.a.catalina.core.StandardEngine - Starting Servlet engine: [Apache Tomcat/10.1.34]
2026-02-14 20:58:22.146 [main] INFO  o.a.c.c.C.[Tomcat].[localhost].[/] - Initializing Spring embedded WebApplicationContext
2026-02-14 20:58:22.146 [main] INFO  o.s.b.w.s.c.ServletWebServerApplicationContext - Root WebApplicationContext: initialization completed in 1150 ms
2026-02-14 20:58:22.331 [main] INFO  o.h.jpa.internal.util.LogHelper - HHH000204: Processing PersistenceUnitInfo [name: default]
2026-02-14 20:58:22.367 [main] INFO  org.hibernate.Version - HHH000412: Hibernate ORM core version 6.6.5.Final
2026-02-14 20:58:22.387 [main] INFO  o.h.c.i.RegionFactoryInitiator - HHH000026: Second-level cache disabled
2026-02-14 20:58:22.554 [main] INFO  o.s.o.j.p.SpringPersistenceUnitInfo - No LoadTimeWeaver setup: ignoring JPA class transformer
2026-02-14 20:58:22.572 [main] INFO  com.zaxxer.hikari.HikariDataSource - HikariPool-1 - Starting...
2026-02-14 20:58:23.821 [main] WARN  o.h.e.jdbc.spi.SqlExceptionHelper - SQL Error: 1698, SQLState: 28000
2026-02-14 20:58:23.822 [main] ERROR o.h.e.jdbc.spi.SqlExceptionHelper - Access denied for user 'root'@'localhost'
2026-02-14 20:58:23.824 [main] WARN  o.h.e.j.e.i.JdbcEnvironmentInitiator - HHH000342: Could not obtain connection to query metadata
org.hibernate.exception.GenericJDBCException: unable to obtain isolated JDBC connection [Access denied for user 'root'@'localhost'] [n/a]
	at org.hibernate.exception.internal.StandardSQLExceptionConverter.convert(StandardSQLExceptionConverter.java:63)
	at org.hibernate.engine.jdbc.spi.SqlExceptionHelper.convert(SqlExceptionHelper.java:108)
	at org.hibernate.engine.jdbc.spi.SqlExceptionHelper.convert(SqlExceptionHelper.java:94)
	at org.hibernate.resource.transaction.backend.jdbc.internal.JdbcIsolationDelegate.delegateWork(JdbcIsolationDelegate.java:116)
	at org.hibernate.engine.jdbc.env.internal.JdbcEnvironmentInitiator.getJdbcEnvironmentUsingJdbcMetadata(JdbcEnvironmentInitiator.java:320)
	at org.hibernate.engine.jdbc.env.internal.JdbcEnvironmentInitiator.initiateService(JdbcEnvironmentInitiator.java:129)
	at org.hibernate.engine.jdbc.env.internal.JdbcEnvironmentInitiator.initiateService(JdbcEnvironmentInitiator.java:81)
	at org.hibernate.boot.registry.internal.StandardServiceRegistryImpl.initiateService(StandardServiceRegistryImpl.java:130)
	at org.hibernate.service.internal.AbstractServiceRegistryImpl.createService(AbstractServiceRegistryImpl.java:263)
	at org.hibernate.service.internal.AbstractServiceRegistryImpl.initializeService(AbstractServiceRegistryImpl.java:238)
	at org.hibernate.service.internal.AbstractServiceRegistryImpl.getService(AbstractServiceRegistryImpl.java:215)
	at org.hibernate.boot.model.relational.Database.<init>(Database.java:45)
	at org.hibernate.boot.internal.InFlightMetadataCollectorImpl.getDatabase(InFlightMetadataCollectorImpl.java:226)
	at org.hibernate.boot.internal.InFlightMetadataCollectorImpl.<init>(InFlightMetadataCollectorImpl.java:194)
	at org.hibernate.boot.model.process.spi.MetadataBuildingProcess.complete(MetadataBuildingProcess.java:171)
	at org.hibernate.jpa.boot.internal.EntityManagerFactoryBuilderImpl.metadata(EntityManagerFactoryBuilderImpl.java:1431)
	at org.hibernate.jpa.boot.internal.EntityManagerFactoryBuilderImpl.build(EntityManagerFactoryBuilderImpl.java:1502)
	at org.springframework.orm.jpa.vendor.SpringHibernateJpaPersistenceProvider.createContainerEntityManagerFactory(SpringHibernateJpaPersistenceProvider.java:66)
	at org.springframework.orm.jpa.LocalContainerEntityManagerFactoryBean.createNativeEntityManagerFactory(LocalContainerEntityManagerFactoryBean.java:390)
	at org.springframework.orm.jpa.AbstractEntityManagerFactoryBean.buildNativeEntityManagerFactory(AbstractEntityManagerFactoryBean.java:419)
	at org.springframework.orm.jpa.AbstractEntityManagerFactoryBean.afterPropertiesSet(AbstractEntityManagerFactoryBean.java:400)
	at org.springframework.orm.jpa.LocalContainerEntityManagerFactoryBean.afterPropertiesSet(LocalContainerEntityManagerFactoryBean.java:366)
	at org.springframework.beans.factory.support.AbstractAutowireCapableBeanFactory.invokeInitMethods(AbstractAutowireCapableBeanFactory.java:1859)
	at org.springframework.beans.factory.support.AbstractAutowireCapableBeanFactory.initializeBean(AbstractAutowireCapableBeanFactory.java:1808)
	at org.springframework.beans.factory.support.AbstractAutowireCapableBeanFactory.doCreateBean(AbstractAutowireCapableBeanFactory.java:601)
	at org.springframework.beans.factory.support.AbstractAutowireCapableBeanFactory.createBean(AbstractAutowireCapableBeanFactory.java:523)
	at org.springframework.beans.factory.support.AbstractBeanFactory.lambda$doGetBean$0(AbstractBeanFactory.java:336)
	at org.springframework.beans.factory.support.DefaultSingletonBeanRegistry.getSingleton(DefaultSingletonBeanRegistry.java:307)
	at org.springframework.beans.factory.support.AbstractBeanFactory.doGetBean(AbstractBeanFactory.java:334)
	at org.springframework.beans.factory.support.AbstractBeanFactory.getBean(AbstractBeanFactory.java:204)
	at org.springframework.context.support.AbstractApplicationContext.finishBeanFactoryInitialization(AbstractApplicationContext.java:970)
	at org.springframework.context.support.AbstractApplicationContext.refresh(AbstractApplicationContext.java:627)
	at org.springframework.boot.web.servlet.context.ServletWebServerApplicationContext.refresh(ServletWebServerApplicationContext.java:146)
	at org.springframework.boot.SpringApplication.refresh(SpringApplication.java:752)
	at org.springframework.boot.SpringApplication.refreshContext(SpringApplication.java:439)
	at org.springframework.boot.SpringApplication.run(SpringApplication.java:318)
	at org.springframework.boot.SpringApplication.run(SpringApplication.java:1361)
	at org.springframework.boot.SpringApplication.run(SpringApplication.java:1350)
	at com.matvey.cinema.CinemaApplication.main(CinemaApplication.java:12)
Caused by: java.sql.SQLException: Access denied for user 'root'@'localhost'
	at com.mysql.cj.jdbc.exceptions.SQLError.createSQLException(SQLError.java:129)
	at com.mysql.cj.jdbc.exceptions.SQLExceptionsMapping.translateException(SQLExceptionsMapping.java:122)
	at com.mysql.cj.jdbc.ConnectionImpl.createNewIO(ConnectionImpl.java:824)
	at com.mysql.cj.jdbc.ConnectionImpl.<init>(ConnectionImpl.java:444)
	at com.mysql.cj.jdbc.ConnectionImpl.getInstance(ConnectionImpl.java:237)
	at com.mysql.cj.jdbc.NonRegisteringDriver.connect(NonRegisteringDriver.java:198)
	at com.zaxxer.hikari.util.DriverDataSource.getConnection(DriverDataSource.java:137)
	at com.zaxxer.hikari.pool.PoolBase.newConnection(PoolBase.java:360)
	at com.zaxxer.hikari.pool.PoolBase.newPoolEntry(PoolBase.java:202)
	at com.zaxxer.hikari.pool.HikariPool.createPoolEntry(HikariPool.java:461)
	at com.zaxxer.hikari.pool.HikariPool.checkFailFast(HikariPool.java:550)
	at com.zaxxer.hikari.pool.HikariPool.<init>(HikariPool.java:98)
	at com.zaxxer.hikari.HikariDataSource.getConnection(HikariDataSource.java:111)
	at org.hibernate.engine.jdbc.connections.internal.DatasourceConnectionProviderImpl.getConnection(DatasourceConnectionProviderImpl.java:126)
	at org.hibernate.engine.jdbc.env.internal.JdbcEnvironmentInitiator$ConnectionProviderJdbcConnectionAccess.obtainConnection(JdbcEnvironmentInitiator.java:467)
	at org.hibernate.resource.transaction.backend.jdbc.internal.JdbcIsolationDelegate.delegateWork(JdbcIsolationDelegate.java:61)
	... 35 common frames omitted
2026-02-14 20:58:23.843 [main] WARN  org.hibernate.orm.deprecation - HHH90000025: MySQL8Dialect does not need to be specified explicitly using 'hibernate.dialect' (remove the property setting and it will be selected by default)
2026-02-14 20:58:23.843 [main] WARN  org.hibernate.orm.deprecation - HHH90000026: MySQL8Dialect has been deprecated; use org.hibernate.dialect.MySQLDialect instead
2026-02-14 20:58:23.849 [main] INFO  o.hibernate.orm.connections.pooling - HHH10001005: Database info:
	Database JDBC URL [Connecting through datasource 'HikariDataSource (null)']
	Database driver: undefined/unknown
	Database version: 8.0
	Autocommit mode: undefined/unknown
	Isolation level: undefined/unknown
	Minimum pool size: undefined/unknown
	Maximum pool size: undefined/unknown
2026-02-14 20:58:24.449 [main] INFO  o.h.e.t.j.p.i.JtaPlatformInitiator - HHH000489: No JTA platform available (set 'hibernate.transaction.jta.platform' to enable JTA platform integration)
2026-02-14 20:58:24.465 [main] INFO  com.zaxxer.hikari.HikariDataSource - HikariPool-1 - Starting...
2026-02-14 20:58:25.477 [main] WARN  o.h.e.jdbc.spi.SqlExceptionHelper - SQL Error: 1698, SQLState: 28000
2026-02-14 20:58:25.477 [main] ERROR o.h.e.jdbc.spi.SqlExceptionHelper - Access denied for user 'root'@'localhost'
2026-02-14 20:58:25.483 [main] ERROR o.s.o.j.LocalContainerEntityManagerFactoryBean - Failed to initialize JPA EntityManagerFactory: [PersistenceUnit: default] Unable to build Hibernate SessionFactory; nested exception is org.hibernate.exception.GenericJDBCException: Unable to open JDBC Connection for DDL execution [Access denied for user 'root'@'localhost'] [n/a]
2026-02-14 20:58:25.484 [main] WARN  o.s.b.w.s.c.AnnotationConfigServletWebServerApplicationContext - Exception encountered during context initialization - cancelling refresh attempt: org.springframework.beans.factory.BeanCreationException: Error creating bean with name 'entityManagerFactory' defined in class path resource [org/springframework/boot/autoconfigure/orm/jpa/HibernateJpaConfiguration.class]: [PersistenceUnit: default] Unable to build Hibernate SessionFactory; nested exception is org.hibernate.exception.GenericJDBCException: Unable to open JDBC Connection for DDL execution [Access denied for user 'root'@'localhost'] [n/a]
2026-02-14 20:58:25.487 [main] INFO  o.a.catalina.core.StandardService - Stopping service [Tomcat]
2026-02-14 20:58:25.500 [main] INFO  o.s.b.a.l.ConditionEvaluationReportLogger - 

Error starting ApplicationContext. To display the condition evaluation report re-run your application with 'debug' enabled.
2026-02-14 20:58:25.509 [main] ERROR o.s.boot.SpringApplication - Application run failed
org.springframework.beans.factory.BeanCreationException: Error creating bean with name 'entityManagerFactory' defined in class path resource [org/springframework/boot/autoconfigure/orm/jpa/HibernateJpaConfiguration.class]: [PersistenceUnit: default] Unable to build Hibernate SessionFactory; nested exception is org.hibernate.exception.GenericJDBCException: Unable to open JDBC Connection for DDL execution [Access denied for user 'root'@'localhost'] [n/a]
	at org.springframework.beans.factory.support.AbstractAutowireCapableBeanFactory.initializeBean(AbstractAutowireCapableBeanFactory.java:1812)
	at org.springframework.beans.factory.support.AbstractAutowireCapableBeanFactory.doCreateBean(AbstractAutowireCapableBeanFactory.java:601)
	at org.springframework.beans.factory.support.AbstractAutowireCapableBeanFactory.createBean(AbstractAutowireCapableBeanFactory.java:523)
	at org.springframework.beans.factory.support.AbstractBeanFactory.lambda$doGetBean$0(AbstractBeanFactory.java:336)
	at org.springframework.beans.factory.support.DefaultSingletonBeanRegistry.getSingleton(DefaultSingletonBeanRegistry.java:307)
	at org.springframework.beans.factory.support.AbstractBeanFactory.doGetBean(AbstractBeanFactory.java:334)
	at org.springframework.beans.factory.support.AbstractBeanFactory.getBean(AbstractBeanFactory.java:204)
	at org.springframework.context.support.AbstractApplicationContext.finishBeanFactoryInitialization(AbstractApplicationContext.java:970)
	at org.springframework.context.support.AbstractApplicationContext.refresh(AbstractApplicationContext.java:627)
	at org.springframework.boot.web.servlet.context.ServletWebServerApplicationContext.refresh(ServletWebServerApplicationContext.java:146)
	at org.springframework.boot.SpringApplication.refresh(SpringApplication.java:752)
	at org.springframework.boot.SpringApplication.refreshContext(SpringApplication.java:439)
	at org.springframework.boot.SpringApplication.run(SpringApplication.java:318)
	at org.springframework.boot.SpringApplication.run(SpringApplication.java:1361)
	at org.springframework.boot.SpringApplication.run(SpringApplication.java:1350)
	at com.matvey.cinema.CinemaApplication.main(CinemaApplication.java:12)
Caused by: jakarta.persistence.PersistenceException: [PersistenceUnit: default] Unable to build Hibernate SessionFactory; nested exception is org.hibernate.exception.GenericJDBCException: Unable to open JDBC Connection for DDL execution [Access denied for user 'root'@'localhost'] [n/a]
	at org.springframework.orm.jpa.AbstractEntityManagerFactoryBean.buildNativeEntityManagerFactory(AbstractEntityManagerFactoryBean.java:431)
	at org.springframework.orm.jpa.AbstractEntityManagerFactoryBean.afterPropertiesSet(AbstractEntityManagerFactoryBean.java:400)
	at org.springframework.orm.jpa.LocalContainerEntityManagerFactoryBean.afterPropertiesSet(LocalContainerEntityManagerFactoryBean.java:366)
	at org.springframework.beans.factory.support.AbstractAutowireCapableBeanFactory.invokeInitMethods(AbstractAutowireCapableBeanFactory.java:1859)
	at org.springframework.beans.factory.support.AbstractAutowireCapableBeanFactory.initializeBean(AbstractAutowireCapableBeanFactory.java:1808)
	... 15 common frames omitted
Caused by: org.hibernate.exception.GenericJDBCException: Unable to open JDBC Connection for DDL execution [Access denied for user 'root'@'localhost'] [n/a]
	at org.hibernate.exception.internal.StandardSQLExceptionConverter.convert(StandardSQLExceptionConverter.java:63)
	at org.hibernate.engine.jdbc.spi.SqlExceptionHelper.convert(SqlExceptionHelper.java:108)
	at org.hibernate.engine.jdbc.spi.SqlExceptionHelper.convert(SqlExceptionHelper.java:94)
	at org.hibernate.resource.transaction.backend.jdbc.internal.DdlTransactionIsolatorNonJtaImpl.getIsolatedConnection(DdlTransactionIsolatorNonJtaImpl.java:74)
	at org.hibernate.resource.transaction.backend.jdbc.internal.DdlTransactionIsolatorNonJtaImpl.getIsolatedConnection(DdlTransactionIsolatorNonJtaImpl.java:39)
	at org.hibernate.tool.schema.internal.exec.ImprovedExtractionContextImpl.getJdbcConnection(ImprovedExtractionContextImpl.java:63)
	at org.hibernate.tool.schema.internal.exec.ImprovedExtractionContextImpl.getJdbcDatabaseMetaData(ImprovedExtractionContextImpl.java:70)
	at org.hibernate.tool.schema.extract.internal.InformationExtractorJdbcDatabaseMetaDataImpl.processTableResultSet(InformationExtractorJdbcDatabaseMetaDataImpl.java:65)
	at org.hibernate.tool.schema.extract.internal.AbstractInformationExtractorImpl.getTables(AbstractInformationExtractorImpl.java:570)
	at org.hibernate.tool.schema.extract.internal.DatabaseInformationImpl.getTablesInformation(DatabaseInformationImpl.java:122)
	at org.hibernate.tool.schema.internal.GroupedSchemaMigratorImpl.performTablesMigration(GroupedSchemaMigratorImpl.java:72)
	at org.hibernate.tool.schema.internal.AbstractSchemaMigrator.performMigration(AbstractSchemaMigrator.java:233)
	at org.hibernate.tool.schema.internal.AbstractSchemaMigrator.doMigration(AbstractSchemaMigrator.java:112)
	at org.hibernate.tool.schema.spi.SchemaManagementToolCoordinator.performDatabaseAction(SchemaManagementToolCoordinator.java:280)
	at org.hibernate.tool.schema.spi.SchemaManagementToolCoordinator.lambda$process$5(SchemaManagementToolCoordinator.java:144)
	at java.base/java.util.HashMap.forEach(HashMap.java:1430)
	at org.hibernate.tool.schema.spi.SchemaManagementToolCoordinator.process(SchemaManagementToolCoordinator.java:141)
	at org.hibernate.boot.internal.SessionFactoryObserverForSchemaExport.sessionFactoryCreated(SessionFactoryObserverForSchemaExport.java:37)
	at org.hibernate.internal.SessionFactoryObserverChain.sessionFactoryCreated(SessionFactoryObserverChain.java:35)
	at org.hibernate.internal.SessionFactoryImpl.<init>(SessionFactoryImpl.java:324)
	at org.hibernate.boot.internal.SessionFactoryBuilderImpl.build(SessionFactoryBuilderImpl.java:463)
	at org.hibernate.jpa.boot.internal.EntityManagerFactoryBuilderImpl.build(EntityManagerFactoryBuilderImpl.java:1506)
	at org.springframework.orm.jpa.vendor.SpringHibernateJpaPersistenceProvider.createContainerEntityManagerFactory(SpringHibernateJpaPersistenceProvider.java:66)
	at org.springframework.orm.jpa.LocalContainerEntityManagerFactoryBean.createNativeEntityManagerFactory(LocalContainerEntityManagerFactoryBean.java:390)
	at org.springframework.orm.jpa.AbstractEntityManagerFactoryBean.buildNativeEntityManagerFactory(AbstractEntityManagerFactoryBean.java:419)
	... 19 common frames omitted
Caused by: java.sql.SQLException: Access denied for user 'root'@'localhost'
	at com.mysql.cj.jdbc.exceptions.SQLError.createSQLException(SQLError.java:129)
	at com.mysql.cj.jdbc.exceptions.SQLExceptionsMapping.translateException(SQLExceptionsMapping.java:122)
	at com.mysql.cj.jdbc.ConnectionImpl.createNewIO(ConnectionImpl.java:824)
	at com.mysql.cj.jdbc.ConnectionImpl.<init>(ConnectionImpl.java:444)
	at com.mysql.cj.jdbc.ConnectionImpl.getInstance(ConnectionImpl.java:237)
	at com.mysql.cj.jdbc.NonRegisteringDriver.connect(NonRegisteringDriver.java:198)
	at com.zaxxer.hikari.util.DriverDataSource.getConnection(DriverDataSource.java:137)
	at com.zaxxer.hikari.pool.PoolBase.newConnection(PoolBase.java:360)
	at com.zaxxer.hikari.pool.PoolBase.newPoolEntry(PoolBase.java:202)
	at com.zaxxer.hikari.pool.HikariPool.createPoolEntry(HikariPool.java:461)
	at com.zaxxer.hikari.pool.HikariPool.checkFailFast(HikariPool.java:550)
	at com.zaxxer.hikari.pool.HikariPool.<init>(HikariPool.java:98)
	at com.zaxxer.hikari.HikariDataSource.getConnection(HikariDataSource.java:111)
	at org.hibernate.engine.jdbc.connections.internal.DatasourceConnectionProviderImpl.getConnection(DatasourceConnectionProviderImpl.java:126)
	at org.hibernate.engine.jdbc.env.internal.JdbcEnvironmentInitiator$ConnectionProviderJdbcConnectionAccess.obtainConnection(JdbcEnvironmentInitiator.java:467)
	at org.hibernate.resource.transaction.backend.jdbc.internal.DdlTransactionIsolatorNonJtaImpl.getIsolatedConnection(DdlTransactionIsolatorNonJtaImpl.java:46)
	... 40 common frames omitted
2026-02-14 20:59:12.314 [background-preinit] INFO  o.h.validator.internal.util.Version - HV000001: Hibernate Validator 8.0.2.Final
2026-02-14 20:59:12.342 [main] INFO  com.matvey.cinema.CinemaApplication - Starting CinemaApplication using Java 23.0.2 with PID 40345 (/home/dimin/buy-ticket-application/code/CinemaPro/target/classes started by dimin in /home/dimin/buy-ticket-application/code/CinemaPro)
2026-02-14 20:59:12.342 [main] DEBUG com.matvey.cinema.CinemaApplication - Running with Spring Boot v3.4.2, Spring v6.2.2
2026-02-14 20:59:12.342 [main] INFO  com.matvey.cinema.CinemaApplication - No active profile set, falling back to 1 default profile: "default"
2026-02-14 20:59:12.935 [main] INFO  o.s.d.r.c.RepositoryConfigurationDelegate - Bootstrapping Spring Data JPA repositories in DEFAULT mode.
2026-02-14 20:59:12.978 [main] INFO  o.s.d.r.c.RepositoryConfigurationDelegate - Finished Spring Data repository scanning in 35 ms. Found 7 JPA repository interfaces.
2026-02-14 20:59:13.389 [main] INFO  o.s.b.w.e.tomcat.TomcatWebServer - Tomcat initialized with port 8080 (http)
2026-02-14 20:59:13.395 [main] INFO  o.a.coyote.http11.Http11NioProtocol - Initializing ProtocolHandler ["http-nio-8080"]
2026-02-14 20:59:13.396 [main] INFO  o.a.catalina.core.StandardService - Starting service [Tomcat]
2026-02-14 20:59:13.396 [main] INFO  o.a.catalina.core.StandardEngine - Starting Servlet engine: [Apache Tomcat/10.1.34]
2026-02-14 20:59:13.421 [main] INFO  o.a.c.c.C.[Tomcat].[localhost].[/] - Initializing Spring embedded WebApplicationContext
2026-02-14 20:59:13.422 [main] INFO  o.s.b.w.s.c.ServletWebServerApplicationContext - Root WebApplicationContext: initialization completed in 1050 ms
2026-02-14 20:59:13.593 [main] INFO  o.h.jpa.internal.util.LogHelper - HHH000204: Processing PersistenceUnitInfo [name: default]
2026-02-14 20:59:13.622 [main] INFO  org.hibernate.Version - HHH000412: Hibernate ORM core version 6.6.5.Final
2026-02-14 20:59:13.640 [main] INFO  o.h.c.i.RegionFactoryInitiator - HHH000026: Second-level cache disabled
2026-02-14 20:59:13.779 [main] INFO  o.s.o.j.p.SpringPersistenceUnitInfo - No LoadTimeWeaver setup: ignoring JPA class transformer
2026-02-14 20:59:13.795 [main] INFO  com.zaxxer.hikari.HikariDataSource - HikariPool-1 - Starting...
2026-02-14 20:59:15.004 [main] WARN  o.h.e.jdbc.spi.SqlExceptionHelper - SQL Error: 1698, SQLState: 28000
2026-02-14 20:59:15.004 [main] ERROR o.h.e.jdbc.spi.SqlExceptionHelper - Access denied for user 'root'@'localhost'
2026-02-14 20:59:15.006 [main] WARN  o.h.e.j.e.i.JdbcEnvironmentInitiator - HHH000342: Could not obtain connection to query metadata
org.hibernate.exception.GenericJDBCException: unable to obtain isolated JDBC connection [Access denied for user 'root'@'localhost'] [n/a]
	at org.hibernate.exception.internal.StandardSQLExceptionConverter.convert(StandardSQLExceptionConverter.java:63)
	at org.hibernate.engine.jdbc.spi.SqlExceptionHelper.convert(SqlExceptionHelper.java:108)
	at org.hibernate.engine.jdbc.spi.SqlExceptionHelper.convert(SqlExceptionHelper.java:94)
	at org.hibernate.resource.transaction.backend.jdbc.internal.JdbcIsolationDelegate.delegateWork(JdbcIsolationDelegate.java:116)
	at org.hibernate.engine.jdbc.env.internal.JdbcEnvironmentInitiator.getJdbcEnvironmentUsingJdbcMetadata(JdbcEnvironmentInitiator.java:320)
	at org.hibernate.engine.jdbc.env.internal.JdbcEnvironmentInitiator.initiateService(JdbcEnvironmentInitiator.java:129)
	at org.hibernate.engine.jdbc.env.internal.JdbcEnvironmentInitiator.initiateService(JdbcEnvironmentInitiator.java:81)
	at org.hibernate.boot.registry.internal.StandardServiceRegistryImpl.initiateService(StandardServiceRegistryImpl.java:130)
	at org.hibernate.service.internal.AbstractServiceRegistryImpl.createService(AbstractServiceRegistryImpl.java:263)
	at org.hibernate.service.internal.AbstractServiceRegistryImpl.initializeService(AbstractServiceRegistryImpl.java:238)
	at org.hibernate.service.internal.AbstractServiceRegistryImpl.getService(AbstractServiceRegistryImpl.java:215)
	at org.hibernate.boot.model.relational.Database.<init>(Database.java:45)
	at org.hibernate.boot.internal.InFlightMetadataCollectorImpl.getDatabase(InFlightMetadataCollectorImpl.java:226)
	at org.hibernate.boot.internal.InFlightMetadataCollectorImpl.<init>(InFlightMetadataCollectorImpl.java:194)
	at org.hibernate.boot.model.process.spi.MetadataBuildingProcess.complete(MetadataBuildingProcess.java:171)
	at org.hibernate.jpa.boot.internal.EntityManagerFactoryBuilderImpl.metadata(EntityManagerFactoryBuilderImpl.java:1431)
	at org.hibernate.jpa.boot.internal.EntityManagerFactoryBuilderImpl.build(EntityManagerFactoryBuilderImpl.java:1502)
	at org.springframework.orm.jpa.vendor.SpringHibernateJpaPersistenceProvider.createContainerEntityManagerFactory(SpringHibernateJpaPersistenceProvider.java:66)
	at org.springframework.orm.jpa.LocalContainerEntityManagerFactoryBean.createNativeEntityManagerFactory(LocalContainerEntityManagerFactoryBean.java:390)
	at org.springframework.orm.jpa.AbstractEntityManagerFactoryBean.buildNativeEntityManagerFactory(AbstractEntityManagerFactoryBean.java:419)
	at org.springframework.orm.jpa.AbstractEntityManagerFactoryBean.afterPropertiesSet(AbstractEntityManagerFactoryBean.java:400)
	at org.springframework.orm.jpa.LocalContainerEntityManagerFactoryBean.afterPropertiesSet(LocalContainerEntityManagerFactoryBean.java:366)
	at org.springframework.beans.factory.support.AbstractAutowireCapableBeanFactory.invokeInitMethods(AbstractAutowireCapableBeanFactory.java:1859)
	at org.springframework.beans.factory.support.AbstractAutowireCapableBeanFactory.initializeBean(AbstractAutowireCapableBeanFactory.java:1808)
	at org.springframework.beans.factory.support.AbstractAutowireCapableBeanFactory.doCreateBean(AbstractAutowireCapableBeanFactory.java:601)
	at org.springframework.beans.factory.support.AbstractAutowireCapableBeanFactory.createBean(AbstractAutowireCapableBeanFactory.java:523)
	at org.springframework.beans.factory.support.AbstractBeanFactory.lambda$doGetBean$0(AbstractBeanFactory.java:336)
	at org.springframework.beans.factory.support.DefaultSingletonBeanRegistry.getSingleton(DefaultSingletonBeanRegistry.java:307)
	at org.springframework.beans.factory.support.AbstractBeanFactory.doGetBean(AbstractBeanFactory.java:334)
	at org.springframework.beans.factory.support.AbstractBeanFactory.getBean(AbstractBeanFactory.java:204)
	at org.springframework.context.support.AbstractApplicationContext.finishBeanFactoryInitialization(AbstractApplicationContext.java:970)
	at org.springframework.context.support.AbstractApplicationContext.refresh(AbstractApplicationContext.java:627)
	at org.springframework.boot.web.servlet.context.ServletWebServerApplicationContext.refresh(ServletWebServerApplicationContext.java:146)
	at org.springframework.boot.SpringApplication.refresh(SpringApplication.java:752)
	at org.springframework.boot.SpringApplication.refreshContext(SpringApplication.java:439)
	at org.springframework.boot.SpringApplication.run(SpringApplication.java:318)
	at org.springframework.boot.SpringApplication.run(SpringApplication.java:1361)
	at org.springframework.boot.SpringApplication.run(SpringApplication.java:1350)
	at com.matvey.cinema.CinemaApplication.main(CinemaApplication.java:12)
Caused by: java.sql.SQLException: Access denied for user 'root'@'localhost'
	at com.mysql.cj.jdbc.exceptions.SQLError.createSQLException(SQLError.java:129)
	at com.mysql.cj.jdbc.exceptions.SQLExceptionsMapping.translateException(SQLExceptionsMapping.java:122)
	at com.mysql.cj.jdbc.ConnectionImpl.createNewIO(ConnectionImpl.java:824)
	at com.mysql.cj.jdbc.ConnectionImpl.<init>(ConnectionImpl.java:444)
	at com.mysql.cj.jdbc.ConnectionImpl.getInstance(ConnectionImpl.java:237)
	at com.mysql.cj.jdbc.NonRegisteringDriver.connect(NonRegisteringDriver.java:198)
	at com.zaxxer.hikari.util.DriverDataSource.getConnection(DriverDataSource.java:137)
	at com.zaxxer.hikari.pool.PoolBase.newConnection(PoolBase.java:360)
	at com.zaxxer.hikari.pool.PoolBase.newPoolEntry(PoolBase.java:202)
	at com.zaxxer.hikari.pool.HikariPool.createPoolEntry(HikariPool.java:461)
	at com.zaxxer.hikari.pool.HikariPool.checkFailFast(HikariPool.java:550)
	at com.zaxxer.hikari.pool.HikariPool.<init>(HikariPool.java:98)
	at com.zaxxer.hikari.HikariDataSource.getConnection(HikariDataSource.java:111)
	at org.hibernate.engine.jdbc.connections.internal.DatasourceConnectionProviderImpl.getConnection(DatasourceConnectionProviderImpl.java:126)
	at org.hibernate.engine.jdbc.env.internal.JdbcEnvironmentInitiator$ConnectionProviderJdbcConnectionAccess.obtainConnection(JdbcEnvironmentInitiator.java:467)
	at org.hibernate.resource.transaction.backend.jdbc.internal.JdbcIsolationDelegate.delegateWork(JdbcIsolationDelegate.java:61)
	... 35 common frames omitted
2026-02-14 20:59:15.019 [main] WARN  org.hibernate.orm.deprecation - HHH90000025: MySQL8Dialect does not need to be specified explicitly using 'hibernate.dialect' (remove the property setting and it will be selected by default)
2026-02-14 20:59:15.020 [main] WARN  org.hibernate.orm.deprecation - HHH90000026: MySQL8Dialect has been deprecated; use org.hibernate.dialect.MySQLDialect instead
2026-02-14 20:59:15.025 [main] INFO  o.hibernate.orm.connections.pooling - HHH10001005: Database info:
	Database JDBC URL [Connecting through datasource 'HikariDataSource (null)']
	Database driver: undefined/unknown
	Database version: 8.0
	Autocommit mode: undefined/unknown
	Isolation level: undefined/unknown
	Minimum pool size: undefined/unknown
	Maximum pool size: undefined/unknown
2026-02-14 20:59:15.600 [main] INFO  o.h.e.t.j.p.i.JtaPlatformInitiator - HHH000489: No JTA platform available (set 'hibernate.transaction.jta.platform' to enable JTA platform integration)
2026-02-14 20:59:15.612 [main] INFO  com.zaxxer.hikari.HikariDataSource - HikariPool-1 - Starting...
2026-02-14 20:59:16.624 [main] WARN  o.h.e.jdbc.spi.SqlExceptionHelper - SQL Error: 1698, SQLState: 28000
2026-02-14 20:59:16.625 [main] ERROR o.h.e.jdbc.spi.SqlExceptionHelper - Access denied for user 'root'@'localhost'
2026-02-14 20:59:16.631 [main] ERROR o.s.o.j.LocalContainerEntityManagerFactoryBean - Failed to initialize JPA EntityManagerFactory: [PersistenceUnit: default] Unable to build Hibernate SessionFactory; nested exception is org.hibernate.exception.GenericJDBCException: Unable to open JDBC Connection for DDL execution [Access denied for user 'root'@'localhost'] [n/a]
2026-02-14 20:59:16.632 [main] WARN  o.s.b.w.s.c.AnnotationConfigServletWebServerApplicationContext - Exception encountered during context initialization - cancelling refresh attempt: org.springframework.beans.factory.BeanCreationException: Error creating bean with name 'entityManagerFactory' defined in class path resource [org/springframework/boot/autoconfigure/orm/jpa/HibernateJpaConfiguration.class]: [PersistenceUnit: default] Unable to build Hibernate SessionFactory; nested exception is org.hibernate.exception.GenericJDBCException: Unable to open JDBC Connection for DDL execution [Access denied for user 'root'@'localhost'] [n/a]
2026-02-14 20:59:16.635 [main] INFO  o.a.catalina.core.StandardService - Stopping service [Tomcat]
2026-02-14 20:59:16.646 [main] INFO  o.s.b.a.l.ConditionEvaluationReportLogger - 

Error starting ApplicationContext. To display the condition evaluation report re-run your application with 'debug' enabled.
2026-02-14 20:59:16.654 [main] ERROR o.s.boot.SpringApplication - Application run failed
org.springframework.beans.factory.BeanCreationException: Error creating bean with name 'entityManagerFactory' defined in class path resource [org/springframework/boot/autoconfigure/orm/jpa/HibernateJpaConfiguration.class]: [PersistenceUnit: default] Unable to build Hibernate SessionFactory; nested exception is org.hibernate.exception.GenericJDBCException: Unable to open JDBC Connection for DDL execution [Access denied for user 'root'@'localhost'] [n/a]
	at org.springframework.beans.factory.support.AbstractAutowireCapableBeanFactory.initializeBean(AbstractAutowireCapableBeanFactory.java:1812)
	at org.springframework.beans.factory.support.AbstractAutowireCapableBeanFactory.doCreateBean(AbstractAutowireCapableBeanFactory.java:601)
	at org.springframework.beans.factory.support.AbstractAutowireCapableBeanFactory.createBean(AbstractAutowireCapableBeanFactory.java:523)
	at org.springframework.beans.factory.support.AbstractBeanFactory.lambda$doGetBean$0(AbstractBeanFactory.java:336)
	at org.springframework.beans.factory.support.DefaultSingletonBeanRegistry.getSingleton(DefaultSingletonBeanRegistry.java:307)
	at org.springframework.beans.factory.support.AbstractBeanFactory.doGetBean(AbstractBeanFactory.java:334)
	at org.springframework.beans.factory.support.AbstractBeanFactory.getBean(AbstractBeanFactory.java:204)
	at org.springframework.context.support.AbstractApplicationContext.finishBeanFactoryInitialization(AbstractApplicationContext.java:970)
	at org.springframework.context.support.AbstractApplicationContext.refresh(AbstractApplicationContext.java:627)
	at org.springframework.boot.web.servlet.context.ServletWebServerApplicationContext.refresh(ServletWebServerApplicationContext.java:146)
	at org.springframework.boot.SpringApplication.refresh(SpringApplication.java:752)
	at org.springframework.boot.SpringApplication.refreshContext(SpringApplication.java:439)
	at org.springframework.boot.SpringApplication.run(SpringApplication.java:318)
	at org.springframework.boot.SpringApplication.run(SpringApplication.java:1361)
	at org.springframework.boot.SpringApplication.run(SpringApplication.java:1350)
	at com.matvey.cinema.CinemaApplication.main(CinemaApplication.java:12)
Caused by: jakarta.persistence.PersistenceException: [PersistenceUnit: default] Unable to build Hibernate SessionFactory; nested exception is org.hibernate.exception.GenericJDBCException: Unable to open JDBC Connection for DDL execution [Access denied for user 'root'@'localhost'] [n/a]
	at org.springframework.orm.jpa.AbstractEntityManagerFactoryBean.buildNativeEntityManagerFactory(AbstractEntityManagerFactoryBean.java:431)
	at org.springframework.orm.jpa.AbstractEntityManagerFactoryBean.afterPropertiesSet(AbstractEntityManagerFactoryBean.java:400)
	at org.springframework.orm.jpa.LocalContainerEntityManagerFactoryBean.afterPropertiesSet(LocalContainerEntityManagerFactoryBean.java:366)
	at org.springframework.beans.factory.support.AbstractAutowireCapableBeanFactory.invokeInitMethods(AbstractAutowireCapableBeanFactory.java:1859)
	at org.springframework.beans.factory.support.AbstractAutowireCapableBeanFactory.initializeBean(AbstractAutowireCapableBeanFactory.java:1808)
	... 15 common frames omitted
Caused by: org.hibernate.exception.GenericJDBCException: Unable to open JDBC Connection for DDL execution [Access denied for user 'root'@'localhost'] [n/a]
	at org.hibernate.exception.internal.StandardSQLExceptionConverter.convert(StandardSQLExceptionConverter.java:63)
	at org.hibernate.engine.jdbc.spi.SqlExceptionHelper.convert(SqlExceptionHelper.java:108)
	at org.hibernate.engine.jdbc.spi.SqlExceptionHelper.convert(SqlExceptionHelper.java:94)
	at org.hibernate.resource.transaction.backend.jdbc.internal.DdlTransactionIsolatorNonJtaImpl.getIsolatedConnection(DdlTransactionIsolatorNonJtaImpl.java:74)
	at org.hibernate.resource.transaction.backend.jdbc.internal.DdlTransactionIsolatorNonJtaImpl.getIsolatedConnection(DdlTransactionIsolatorNonJtaImpl.java:39)
	at org.hibernate.tool.schema.internal.exec.ImprovedExtractionContextImpl.getJdbcConnection(ImprovedExtractionContextImpl.java:63)
	at org.hibernate.tool.schema.internal.exec.ImprovedExtractionContextImpl.getJdbcDatabaseMetaData(ImprovedExtractionContextImpl.java:70)
	at org.hibernate.tool.schema.extract.internal.InformationExtractorJdbcDatabaseMetaDataImpl.processTableResultSet(InformationExtractorJdbcDatabaseMetaDataImpl.java:65)
	at org.hibernate.tool.schema.extract.internal.AbstractInformationExtractorImpl.getTables(AbstractInformationExtractorImpl.java:570)
	at org.hibernate.tool.schema.extract.internal.DatabaseInformationImpl.getTablesInformation(DatabaseInformationImpl.java:122)
	at org.hibernate.tool.schema.internal.GroupedSchemaMigratorImpl.performTablesMigration(GroupedSchemaMigratorImpl.java:72)
	at org.hibernate.tool.schema.internal.AbstractSchemaMigrator.performMigration(AbstractSchemaMigrator.java:233)
	at org.hibernate.tool.schema.internal.AbstractSchemaMigrator.doMigration(AbstractSchemaMigrator.java:112)
	at org.hibernate.tool.schema.spi.SchemaManagementToolCoordinator.performDatabaseAction(SchemaManagementToolCoordinator.java:280)
	at org.hibernate.tool.schema.spi.SchemaManagementToolCoordinator.lambda$process$5(SchemaManagementToolCoordinator.java:144)
	at java.base/java.util.HashMap.forEach(HashMap.java:1430)
	at org.hibernate.tool.schema.spi.SchemaManagementToolCoordinator.process(SchemaManagementToolCoordinator.java:141)
	at org.hibernate.boot.internal.SessionFactoryObserverForSchemaExport.sessionFactoryCreated(SessionFactoryObserverForSchemaExport.java:37)
	at org.hibernate.internal.SessionFactoryObserverChain.sessionFactoryCreated(SessionFactoryObserverChain.java:35)
	at org.hibernate.internal.SessionFactoryImpl.<init>(SessionFactoryImpl.java:324)
	at org.hibernate.boot.internal.SessionFactoryBuilderImpl.build(SessionFactoryBuilderImpl.java:463)
	at org.hibernate.jpa.boot.internal.EntityManagerFactoryBuilderImpl.build(EntityManagerFactoryBuilderImpl.java:1506)
	at org.springframework.orm.jpa.vendor.SpringHibernateJpaPersistenceProvider.createContainerEntityManagerFactory(SpringHibernateJpaPersistenceProvider.java:66)
	at org.springframework.orm.jpa.LocalContainerEntityManagerFactoryBean.createNativeEntityManagerFactory(LocalContainerEntityManagerFactoryBean.java:390)
	at org.springframework.orm.jpa.AbstractEntityManagerFactoryBean.buildNativeEntityManagerFactory(AbstractEntityManagerFactoryBean.java:419)
	... 19 common frames omitted
Caused by: java.sql.SQLException: Access denied for user 'root'@'localhost'
	at com.mysql.cj.jdbc.exceptions.SQLError.createSQLException(SQLError.java:129)
	at com.mysql.cj.jdbc.exceptions.SQLExceptionsMapping.translateException(SQLExceptionsMapping.java:122)
	at com.mysql.cj.jdbc.ConnectionImpl.createNewIO(ConnectionImpl.java:824)
	at com.mysql.cj.jdbc.ConnectionImpl.<init>(ConnectionImpl.java:444)
	at com.mysql.cj.jdbc.ConnectionImpl.getInstance(ConnectionImpl.java:237)
	at com.mysql.cj.jdbc.NonRegisteringDriver.connect(NonRegisteringDriver.java:198)
	at com.zaxxer.hikari.util.DriverDataSource.getConnection(DriverDataSource.java:137)
	at com.zaxxer.hikari.pool.PoolBase.newConnection(PoolBase.java:360)
	at com.zaxxer.hikari.pool.PoolBase.newPoolEntry(PoolBase.java:202)
	at com.zaxxer.hikari.pool.HikariPool.createPoolEntry(HikariPool.java:461)
	at com.zaxxer.hikari.pool.HikariPool.checkFailFast(HikariPool.java:550)
	at com.zaxxer.hikari.pool.HikariPool.<init>(HikariPool.java:98)
	at com.zaxxer.hikari.HikariDataSource.getConnection(HikariDataSource.java:111)
	at org.hibernate.engine.jdbc.connections.internal.DatasourceConnectionProviderImpl.getConnection(DatasourceConnectionProviderImpl.java:126)
	at org.hibernate.engine.jdbc.env.internal.JdbcEnvironmentInitiator$ConnectionProviderJdbcConnectionAccess.obtainConnection(JdbcEnvironmentInitiator.java:467)
	at org.hibernate.resource.transaction.backend.jdbc.internal.DdlTransactionIsolatorNonJtaImpl.getIsolatedConnection(DdlTransactionIsolatorNonJtaImpl.java:46)
	... 40 common frames omitted
2026-02-14 21:01:15.151 [background-preinit] INFO  o.h.validator.internal.util.Version - HV000001: Hibernate Validator 8.0.2.Final
2026-02-14 21:01:15.177 [main] INFO  com.matvey.cinema.CinemaApplication - Starting CinemaApplication using Java 23.0.2 with PID 40842 (/home/dimin/buy-ticket-application/code/CinemaPro/target/classes started by dimin in /home/dimin/buy-ticket-application/code/CinemaPro)
2026-02-14 21:01:15.177 [main] DEBUG com.matvey.cinema.CinemaApplication - Running with Spring Boot v3.4.2, Spring v6.2.2
2026-02-14 21:01:15.178 [main] INFO  com.matvey.cinema.CinemaApplication - No active profile set, falling back to 1 default profile: "default"
2026-02-14 21:01:15.771 [main] INFO  o.s.d.r.c.RepositoryConfigurationDelegate - Bootstrapping Spring Data JPA repositories in DEFAULT mode.
2026-02-14 21:01:15.810 [main] INFO  o.s.d.r.c.RepositoryConfigurationDelegate - Finished Spring Data repository scanning in 34 ms. Found 7 JPA repository interfaces.
2026-02-14 21:01:16.218 [main] INFO  o.s.b.w.e.tomcat.TomcatWebServer - Tomcat initialized with port 8080 (http)
2026-02-14 21:01:16.224 [main] INFO  o.a.coyote.http11.Http11NioProtocol - Initializing ProtocolHandler ["http-nio-8080"]
2026-02-14 21:01:16.225 [main] INFO  o.a.catalina.core.StandardService - Starting service [Tomcat]
2026-02-14 21:01:16.225 [main] INFO  o.a.catalina.core.StandardEngine - Starting Servlet engine: [Apache Tomcat/10.1.34]
2026-02-14 21:01:16.249 [main] INFO  o.a.c.c.C.[Tomcat].[localhost].[/] - Initializing Spring embedded WebApplicationContext
2026-02-14 21:01:16.249 [main] INFO  o.s.b.w.s.c.ServletWebServerApplicationContext - Root WebApplicationContext: initialization completed in 1042 ms
2026-02-14 21:01:16.416 [main] INFO  o.h.jpa.internal.util.LogHelper - HHH000204: Processing PersistenceUnitInfo [name: default]
2026-02-14 21:01:16.443 [main] INFO  org.hibernate.Version - HHH000412: Hibernate ORM core version 6.6.5.Final
2026-02-14 21:01:16.460 [main] INFO  o.h.c.i.RegionFactoryInitiator - HHH000026: Second-level cache disabled
2026-02-14 21:01:16.594 [main] INFO  o.s.o.j.p.SpringPersistenceUnitInfo - No LoadTimeWeaver setup: ignoring JPA class transformer
2026-02-14 21:01:16.609 [main] INFO  com.zaxxer.hikari.HikariDataSource - HikariPool-1 - Starting...
2026-02-14 21:01:17.818 [main] WARN  o.h.e.jdbc.spi.SqlExceptionHelper - SQL Error: 1698, SQLState: 28000
2026-02-14 21:01:17.818 [main] ERROR o.h.e.jdbc.spi.SqlExceptionHelper - Access denied for user 'root'@'localhost'
2026-02-14 21:01:17.820 [main] WARN  o.h.e.j.e.i.JdbcEnvironmentInitiator - HHH000342: Could not obtain connection to query metadata
org.hibernate.exception.GenericJDBCException: unable to obtain isolated JDBC connection [Access denied for user 'root'@'localhost'] [n/a]
	at org.hibernate.exception.internal.StandardSQLExceptionConverter.convert(StandardSQLExceptionConverter.java:63)
	at org.hibernate.engine.jdbc.spi.SqlExceptionHelper.convert(SqlExceptionHelper.java:108)
	at org.hibernate.engine.jdbc.spi.SqlExceptionHelper.convert(SqlExceptionHelper.java:94)
	at org.hibernate.resource.transaction.backend.jdbc.internal.JdbcIsolationDelegate.delegateWork(JdbcIsolationDelegate.java:116)
	at org.hibernate.engine.jdbc.env.internal.JdbcEnvironmentInitiator.getJdbcEnvironmentUsingJdbcMetadata(JdbcEnvironmentInitiator.java:320)
	at org.hibernate.engine.jdbc.env.internal.JdbcEnvironmentInitiator.initiateService(JdbcEnvironmentInitiator.java:129)
	at org.hibernate.engine.jdbc.env.internal.JdbcEnvironmentInitiator.initiateService(JdbcEnvironmentInitiator.java:81)
	at org.hibernate.boot.registry.internal.StandardServiceRegistryImpl.initiateService(StandardServiceRegistryImpl.java:130)
	at org.hibernate.service.internal.AbstractServiceRegistryImpl.createService(AbstractServiceRegistryImpl.java:263)
	at org.hibernate.service.internal.AbstractServiceRegistryImpl.initializeService(AbstractServiceRegistryImpl.java:238)
	at org.hibernate.service.internal.AbstractServiceRegistryImpl.getService(AbstractServiceRegistryImpl.java:215)
	at org.hibernate.boot.model.relational.Database.<init>(Database.java:45)
	at org.hibernate.boot.internal.InFlightMetadataCollectorImpl.getDatabase(InFlightMetadataCollectorImpl.java:226)
	at org.hibernate.boot.internal.InFlightMetadataCollectorImpl.<init>(InFlightMetadataCollectorImpl.java:194)
	at org.hibernate.boot.model.process.spi.MetadataBuildingProcess.complete(MetadataBuildingProcess.java:171)
	at org.hibernate.jpa.boot.internal.EntityManagerFactoryBuilderImpl.metadata(EntityManagerFactoryBuilderImpl.java:1431)
	at org.hibernate.jpa.boot.internal.EntityManagerFactoryBuilderImpl.build(EntityManagerFactoryBuilderImpl.java:1502)
	at org.springframework.orm.jpa.vendor.SpringHibernateJpaPersistenceProvider.createContainerEntityManagerFactory(SpringHibernateJpaPersistenceProvider.java:66)
	at org.springframework.orm.jpa.LocalContainerEntityManagerFactoryBean.createNativeEntityManagerFactory(LocalContainerEntityManagerFactoryBean.java:390)
	at org.springframework.orm.jpa.AbstractEntityManagerFactoryBean.buildNativeEntityManagerFactory(AbstractEntityManagerFactoryBean.java:419)
	at org.springframework.orm.jpa.AbstractEntityManagerFactoryBean.afterPropertiesSet(AbstractEntityManagerFactoryBean.java:400)
	at org.springframework.orm.jpa.LocalContainerEntityManagerFactoryBean.afterPropertiesSet(LocalContainerEntityManagerFactoryBean.java:366)
	at org.springframework.beans.factory.support.AbstractAutowireCapableBeanFactory.invokeInitMethods(AbstractAutowireCapableBeanFactory.java:1859)
	at org.springframework.beans.factory.support.AbstractAutowireCapableBeanFactory.initializeBean(AbstractAutowireCapableBeanFactory.java:1808)
	at org.springframework.beans.factory.support.AbstractAutowireCapableBeanFactory.doCreateBean(AbstractAutowireCapableBeanFactory.java:601)
	at org.springframework.beans.factory.support.AbstractAutowireCapableBeanFactory.createBean(AbstractAutowireCapableBeanFactory.java:523)
	at org.springframework.beans.factory.support.AbstractBeanFactory.lambda$doGetBean$0(AbstractBeanFactory.java:336)
	at org.springframework.beans.factory.support.DefaultSingletonBeanRegistry.getSingleton(DefaultSingletonBeanRegistry.java:307)
	at org.springframework.beans.factory.support.AbstractBeanFactory.doGetBean(AbstractBeanFactory.java:334)
	at org.springframework.beans.factory.support.AbstractBeanFactory.getBean(AbstractBeanFactory.java:204)
	at org.springframework.context.support.AbstractApplicationContext.finishBeanFactoryInitialization(AbstractApplicationContext.java:970)
	at org.springframework.context.support.AbstractApplicationContext.refresh(AbstractApplicationContext.java:627)
	at org.springframework.boot.web.servlet.context.ServletWebServerApplicationContext.refresh(ServletWebServerApplicationContext.java:146)
	at org.springframework.boot.SpringApplication.refresh(SpringApplication.java:752)
	at org.springframework.boot.SpringApplication.refreshContext(SpringApplication.java:439)
	at org.springframework.boot.SpringApplication.run(SpringApplication.java:318)
	at org.springframework.boot.SpringApplication.run(SpringApplication.java:1361)
	at org.springframework.boot.SpringApplication.run(SpringApplication.java:1350)
	at com.matvey.cinema.CinemaApplication.main(CinemaApplication.java:12)
Caused by: java.sql.SQLException: Access denied for user 'root'@'localhost'
	at com.mysql.cj.jdbc.exceptions.SQLError.createSQLException(SQLError.java:129)
	at com.mysql.cj.jdbc.exceptions.SQLExceptionsMapping.translateException(SQLExceptionsMapping.java:122)
	at com.mysql.cj.jdbc.ConnectionImpl.createNewIO(ConnectionImpl.java:824)
	at com.mysql.cj.jdbc.ConnectionImpl.<init>(ConnectionImpl.java:444)
	at com.mysql.cj.jdbc.ConnectionImpl.getInstance(ConnectionImpl.java:237)
	at com.mysql.cj.jdbc.NonRegisteringDriver.connect(NonRegisteringDriver.java:198)
	at com.zaxxer.hikari.util.DriverDataSource.getConnection(DriverDataSource.java:137)
	at com.zaxxer.hikari.pool.PoolBase.newConnection(PoolBase.java:360)
	at com.zaxxer.hikari.pool.PoolBase.newPoolEntry(PoolBase.java:202)
	at com.zaxxer.hikari.pool.HikariPool.createPoolEntry(HikariPool.java:461)
	at com.zaxxer.hikari.pool.HikariPool.checkFailFast(HikariPool.java:550)
	at com.zaxxer.hikari.pool.HikariPool.<init>(HikariPool.java:98)
	at com.zaxxer.hikari.HikariDataSource.getConnection(HikariDataSource.java:111)
	at org.hibernate.engine.jdbc.connections.internal.DatasourceConnectionProviderImpl.getConnection(DatasourceConnectionProviderImpl.java:126)
	at org.hibernate.engine.jdbc.env.internal.JdbcEnvironmentInitiator$ConnectionProviderJdbcConnectionAccess.obtainConnection(JdbcEnvironmentInitiator.java:467)
	at org.hibernate.resource.transaction.backend.jdbc.internal.JdbcIsolationDelegate.delegateWork(JdbcIsolationDelegate.java:61)
	... 35 common frames omitted
2026-02-14 21:01:17.835 [main] WARN  org.hibernate.orm.deprecation - HHH90000025: MySQL8Dialect does not need to be specified explicitly using 'hibernate.dialect' (remove the property setting and it will be selected by default)
2026-02-14 21:01:17.836 [main] WARN  org.hibernate.orm.deprecation - HHH90000026: MySQL8Dialect has been deprecated; use org.hibernate.dialect.MySQLDialect instead
2026-02-14 21:01:17.842 [main] INFO  o.hibernate.orm.connections.pooling - HHH10001005: Database info:
	Database JDBC URL [Connecting through datasource 'HikariDataSource (null)']
	Database driver: undefined/unknown
	Database version: 8.0
	Autocommit mode: undefined/unknown
	Isolation level: undefined/unknown
	Minimum pool size: undefined/unknown
	Maximum pool size: undefined/unknown
2026-02-14 21:01:18.391 [main] INFO  o.h.e.t.j.p.i.JtaPlatformInitiator - HHH000489: No JTA platform available (set 'hibernate.transaction.jta.platform' to enable JTA platform integration)
2026-02-14 21:01:18.404 [main] INFO  com.zaxxer.hikari.HikariDataSource - HikariPool-1 - Starting...
2026-02-14 21:01:19.416 [main] WARN  o.h.e.jdbc.spi.SqlExceptionHelper - SQL Error: 1698, SQLState: 28000
2026-02-14 21:01:19.416 [main] ERROR o.h.e.jdbc.spi.SqlExceptionHelper - Access denied for user 'root'@'localhost'
2026-02-14 21:01:19.420 [main] ERROR o.s.o.j.LocalContainerEntityManagerFactoryBean - Failed to initialize JPA EntityManagerFactory: [PersistenceUnit: default] Unable to build Hibernate SessionFactory; nested exception is org.hibernate.exception.GenericJDBCException: Unable to open JDBC Connection for DDL execution [Access denied for user 'root'@'localhost'] [n/a]
2026-02-14 21:01:19.421 [main] WARN  o.s.b.w.s.c.AnnotationConfigServletWebServerApplicationContext - Exception encountered during context initialization - cancelling refresh attempt: org.springframework.beans.factory.BeanCreationException: Error creating bean with name 'entityManagerFactory' defined in class path resource [org/springframework/boot/autoconfigure/orm/jpa/HibernateJpaConfiguration.class]: [PersistenceUnit: default] Unable to build Hibernate SessionFactory; nested exception is org.hibernate.exception.GenericJDBCException: Unable to open JDBC Connection for DDL execution [Access denied for user 'root'@'localhost'] [n/a]
2026-02-14 21:01:19.424 [main] INFO  o.a.catalina.core.StandardService - Stopping service [Tomcat]
2026-02-14 21:01:19.436 [main] INFO  o.s.b.a.l.ConditionEvaluationReportLogger - 

Error starting ApplicationContext. To display the condition evaluation report re-run your application with 'debug' enabled.
2026-02-14 21:01:19.445 [main] ERROR o.s.boot.SpringApplication - Application run failed
org.springframework.beans.factory.BeanCreationException: Error creating bean with name 'entityManagerFactory' defined in class path resource [org/springframework/boot/autoconfigure/orm/jpa/HibernateJpaConfiguration.class]: [PersistenceUnit: default] Unable to build Hibernate SessionFactory; nested exception is org.hibernate.exception.GenericJDBCException: Unable to open JDBC Connection for DDL execution [Access denied for user 'root'@'localhost'] [n/a]
	at org.springframework.beans.factory.support.AbstractAutowireCapableBeanFactory.initializeBean(AbstractAutowireCapableBeanFactory.java:1812)
	at org.springframework.beans.factory.support.AbstractAutowireCapableBeanFactory.doCreateBean(AbstractAutowireCapableBeanFactory.java:601)
	at org.springframework.beans.factory.support.AbstractAutowireCapableBeanFactory.createBean(AbstractAutowireCapableBeanFactory.java:523)
	at org.springframework.beans.factory.support.AbstractBeanFactory.lambda$doGetBean$0(AbstractBeanFactory.java:336)
	at org.springframework.beans.factory.support.DefaultSingletonBeanRegistry.getSingleton(DefaultSingletonBeanRegistry.java:307)
	at org.springframework.beans.factory.support.AbstractBeanFactory.doGetBean(AbstractBeanFactory.java:334)
	at org.springframework.beans.factory.support.AbstractBeanFactory.getBean(AbstractBeanFactory.java:204)
	at org.springframework.context.support.AbstractApplicationContext.finishBeanFactoryInitialization(AbstractApplicationContext.java:970)
	at org.springframework.context.support.AbstractApplicationContext.refresh(AbstractApplicationContext.java:627)
	at org.springframework.boot.web.servlet.context.ServletWebServerApplicationContext.refresh(ServletWebServerApplicationContext.java:146)
	at org.springframework.boot.SpringApplication.refresh(SpringApplication.java:752)
	at org.springframework.boot.SpringApplication.refreshContext(SpringApplication.java:439)
	at org.springframework.boot.SpringApplication.run(SpringApplication.java:318)
	at org.springframework.boot.SpringApplication.run(SpringApplication.java:1361)
	at org.springframework.boot.SpringApplication.run(SpringApplication.java:1350)
	at com.matvey.cinema.CinemaApplication.main(CinemaApplication.java:12)
Caused by: jakarta.persistence.PersistenceException: [PersistenceUnit: default] Unable to build Hibernate SessionFactory; nested exception is org.hibernate.exception.GenericJDBCException: Unable to open JDBC Connection for DDL execution [Access denied for user 'root'@'localhost'] [n/a]
	at org.springframework.orm.jpa.AbstractEntityManagerFactoryBean.buildNativeEntityManagerFactory(AbstractEntityManagerFactoryBean.java:431)
	at org.springframework.orm.jpa.AbstractEntityManagerFactoryBean.afterPropertiesSet(AbstractEntityManagerFactoryBean.java:400)
	at org.springframework.orm.jpa.LocalContainerEntityManagerFactoryBean.afterPropertiesSet(LocalContainerEntityManagerFactoryBean.java:366)
	at org.springframework.beans.factory.support.AbstractAutowireCapableBeanFactory.invokeInitMethods(AbstractAutowireCapableBeanFactory.java:1859)
	at org.springframework.beans.factory.support.AbstractAutowireCapableBeanFactory.initializeBean(AbstractAutowireCapableBeanFactory.java:1808)
	... 15 common frames omitted
Caused by: org.hibernate.exception.GenericJDBCException: Unable to open JDBC Connection for DDL execution [Access denied for user 'root'@'localhost'] [n/a]
	at org.hibernate.exception.internal.StandardSQLExceptionConverter.convert(StandardSQLExceptionConverter.java:63)
	at org.hibernate.engine.jdbc.spi.SqlExceptionHelper.convert(SqlExceptionHelper.java:108)
	at org.hibernate.engine.jdbc.spi.SqlExceptionHelper.convert(SqlExceptionHelper.java:94)
	at org.hibernate.resource.transaction.backend.jdbc.internal.DdlTransactionIsolatorNonJtaImpl.getIsolatedConnection(DdlTransactionIsolatorNonJtaImpl.java:74)
	at org.hibernate.resource.transaction.backend.jdbc.internal.DdlTransactionIsolatorNonJtaImpl.getIsolatedConnection(DdlTransactionIsolatorNonJtaImpl.java:39)
	at org.hibernate.tool.schema.internal.exec.ImprovedExtractionContextImpl.getJdbcConnection(ImprovedExtractionContextImpl.java:63)
	at org.hibernate.tool.schema.internal.exec.ImprovedExtractionContextImpl.getJdbcDatabaseMetaData(ImprovedExtractionContextImpl.java:70)
	at org.hibernate.tool.schema.extract.internal.InformationExtractorJdbcDatabaseMetaDataImpl.processTableResultSet(InformationExtractorJdbcDatabaseMetaDataImpl.java:65)
	at org.hibernate.tool.schema.extract.internal.AbstractInformationExtractorImpl.getTables(AbstractInformationExtractorImpl.java:570)
	at org.hibernate.tool.schema.extract.internal.DatabaseInformationImpl.getTablesInformation(DatabaseInformationImpl.java:122)
	at org.hibernate.tool.schema.internal.GroupedSchemaMigratorImpl.performTablesMigration(GroupedSchemaMigratorImpl.java:72)
	at org.hibernate.tool.schema.internal.AbstractSchemaMigrator.performMigration(AbstractSchemaMigrator.java:233)
	at org.hibernate.tool.schema.internal.AbstractSchemaMigrator.doMigration(AbstractSchemaMigrator.java:112)
	at org.hibernate.tool.schema.spi.SchemaManagementToolCoordinator.performDatabaseAction(SchemaManagementToolCoordinator.java:280)
	at org.hibernate.tool.schema.spi.SchemaManagementToolCoordinator.lambda$process$5(SchemaManagementToolCoordinator.java:144)
	at java.base/java.util.HashMap.forEach(HashMap.java:1430)
	at org.hibernate.tool.schema.spi.SchemaManagementToolCoordinator.process(SchemaManagementToolCoordinator.java:141)
	at org.hibernate.boot.internal.SessionFactoryObserverForSchemaExport.sessionFactoryCreated(SessionFactoryObserverForSchemaExport.java:37)
	at org.hibernate.internal.SessionFactoryObserverChain.sessionFactoryCreated(SessionFactoryObserverChain.java:35)
	at org.hibernate.internal.SessionFactoryImpl.<init>(SessionFactoryImpl.java:324)
	at org.hibernate.boot.internal.SessionFactoryBuilderImpl.build(SessionFactoryBuilderImpl.java:463)
	at org.hibernate.jpa.boot.internal.EntityManagerFactoryBuilderImpl.build(EntityManagerFactoryBuilderImpl.java:1506)
	at org.springframework.orm.jpa.vendor.SpringHibernateJpaPersistenceProvider.createContainerEntityManagerFactory(SpringHibernateJpaPersistenceProvider.java:66)
	at org.springframework.orm.jpa.LocalContainerEntityManagerFactoryBean.createNativeEntityManagerFactory(LocalContainerEntityManagerFactoryBean.java:390)
	at org.springframework.orm.jpa.AbstractEntityManagerFactoryBean.buildNativeEntityManagerFactory(AbstractEntityManagerFactoryBean.java:419)
	... 19 common frames omitted
Caused by: java.sql.SQLException: Access denied for user 'root'@'localhost'
	at com.mysql.cj.jdbc.exceptions.SQLError.createSQLException(SQLError.java:129)
	at com.mysql.cj.jdbc.exceptions.SQLExceptionsMapping.translateException(SQLExceptionsMapping.java:122)
	at com.mysql.cj.jdbc.ConnectionImpl.createNewIO(ConnectionImpl.java:824)
	at com.mysql.cj.jdbc.ConnectionImpl.<init>(ConnectionImpl.java:444)
	at com.mysql.cj.jdbc.ConnectionImpl.getInstance(ConnectionImpl.java:237)
	at com.mysql.cj.jdbc.NonRegisteringDriver.connect(NonRegisteringDriver.java:198)
	at com.zaxxer.hikari.util.DriverDataSource.getConnection(DriverDataSource.java:137)
	at com.zaxxer.hikari.pool.PoolBase.newConnection(PoolBase.java:360)
	at com.zaxxer.hikari.pool.PoolBase.newPoolEntry(PoolBase.java:202)
	at com.zaxxer.hikari.pool.HikariPool.createPoolEntry(HikariPool.java:461)
	at com.zaxxer.hikari.pool.HikariPool.checkFailFast(HikariPool.java:550)
	at com.zaxxer.hikari.pool.HikariPool.<init>(HikariPool.java:98)
	at com.zaxxer.hikari.HikariDataSource.getConnection(HikariDataSource.java:111)
	at org.hibernate.engine.jdbc.connections.internal.DatasourceConnectionProviderImpl.getConnection(DatasourceConnectionProviderImpl.java:126)
	at org.hibernate.engine.jdbc.env.internal.JdbcEnvironmentInitiator$ConnectionProviderJdbcConnectionAccess.obtainConnection(JdbcEnvironmentInitiator.java:467)
	at org.hibernate.resource.transaction.backend.jdbc.internal.DdlTransactionIsolatorNonJtaImpl.getIsolatedConnection(DdlTransactionIsolatorNonJtaImpl.java:46)
	... 40 common frames omitted
2026-02-14 21:05:07.178 [background-preinit] INFO  o.h.validator.internal.util.Version - HV000001: Hibernate Validator 8.0.2.Final
2026-02-14 21:05:07.207 [main] INFO  com.matvey.cinema.CinemaApplication - Starting CinemaApplication using Java 23.0.2 with PID 41114 (/home/dimin/buy-ticket-application/code/CinemaPro/target/classes started by dimin in /home/dimin/buy-ticket-application/code/CinemaPro)
2026-02-14 21:05:07.207 [main] DEBUG com.matvey.cinema.CinemaApplication - Running with Spring Boot v3.4.2, Spring v6.2.2
2026-02-14 21:05:07.207 [main] INFO  com.matvey.cinema.CinemaApplication - No active profile set, falling back to 1 default profile: "default"
2026-02-14 21:05:07.784 [main] INFO  o.s.d.r.c.RepositoryConfigurationDelegate - Bootstrapping Spring Data JPA repositories in DEFAULT mode.
2026-02-14 21:05:07.826 [main] INFO  o.s.d.r.c.RepositoryConfigurationDelegate - Finished Spring Data repository scanning in 37 ms. Found 7 JPA repository interfaces.
2026-02-14 21:05:08.224 [main] INFO  o.s.b.w.e.tomcat.TomcatWebServer - Tomcat initialized with port 8080 (http)
2026-02-14 21:05:08.230 [main] INFO  o.a.coyote.http11.Http11NioProtocol - Initializing ProtocolHandler ["http-nio-8080"]
2026-02-14 21:05:08.231 [main] INFO  o.a.catalina.core.StandardService - Starting service [Tomcat]
2026-02-14 21:05:08.231 [main] INFO  o.a.catalina.core.StandardEngine - Starting Servlet engine: [Apache Tomcat/10.1.34]
2026-02-14 21:05:08.255 [main] INFO  o.a.c.c.C.[Tomcat].[localhost].[/] - Initializing Spring embedded WebApplicationContext
2026-02-14 21:05:08.255 [main] INFO  o.s.b.w.s.c.ServletWebServerApplicationContext - Root WebApplicationContext: initialization completed in 1020 ms
2026-02-14 21:05:08.423 [main] INFO  o.h.jpa.internal.util.LogHelper - HHH000204: Processing PersistenceUnitInfo [name: default]
2026-02-14 21:05:08.451 [main] INFO  org.hibernate.Version - HHH000412: Hibernate ORM core version 6.6.5.Final
2026-02-14 21:05:08.469 [main] INFO  o.h.c.i.RegionFactoryInitiator - HHH000026: Second-level cache disabled
2026-02-14 21:05:08.609 [main] INFO  o.s.o.j.p.SpringPersistenceUnitInfo - No LoadTimeWeaver setup: ignoring JPA class transformer
2026-02-14 21:05:08.624 [main] INFO  com.zaxxer.hikari.HikariDataSource - HikariPool-1 - Starting...
2026-02-14 21:05:08.823 [main] INFO  com.zaxxer.hikari.pool.HikariPool - HikariPool-1 - Added connection com.mysql.cj.jdbc.ConnectionImpl@3f62d56
2026-02-14 21:05:08.824 [main] INFO  com.zaxxer.hikari.HikariDataSource - HikariPool-1 - Start completed.
2026-02-14 21:05:08.847 [main] WARN  org.hibernate.orm.deprecation - HHH90000025: MySQL8Dialect does not need to be specified explicitly using 'hibernate.dialect' (remove the property setting and it will be selected by default)
2026-02-14 21:05:08.848 [main] WARN  org.hibernate.orm.deprecation - HHH90000026: MySQL8Dialect has been deprecated; use org.hibernate.dialect.MySQLDialect instead
2026-02-14 21:05:08.857 [main] INFO  o.hibernate.orm.connections.pooling - HHH10001005: Database info:
	Database JDBC URL [Connecting through datasource 'HikariDataSource (HikariPool-1)']
	Database driver: undefined/unknown
	Database version: 8.0
	Autocommit mode: undefined/unknown
	Isolation level: undefined/unknown
	Minimum pool size: undefined/unknown
	Maximum pool size: undefined/unknown
2026-02-14 21:05:09.408 [main] INFO  o.h.e.t.j.p.i.JtaPlatformInitiator - HHH000489: No JTA platform available (set 'hibernate.transaction.jta.platform' to enable JTA platform integration)
2026-02-14 21:05:09.790 [main] INFO  o.s.o.j.LocalContainerEntityManagerFactoryBean - Initialized JPA EntityManagerFactory for persistence unit 'default'
2026-02-14 21:05:10.048 [main] INFO  o.s.d.j.r.query.QueryEnhancerFactory - Hibernate is in classpath; If applicable, HQL parser will be used.
2026-02-14 21:05:10.436 [main] INFO  c.matvey.cinema.config.JacksonConfig - Configuring ObjectMapper with custom settings and modules.
2026-02-14 21:05:10.436 [main] INFO  c.matvey.cinema.config.JacksonConfig - Hibernate5JakartaModule registered with ObjectMapper.
2026-02-14 21:05:10.538 [main] WARN  o.s.b.a.o.j.JpaBaseConfiguration$JpaWebConfiguration - spring.jpa.open-in-view is enabled by default. Therefore, database queries may be performed during view rendering. Explicitly configure spring.jpa.open-in-view to disable this warning
2026-02-14 21:05:11.042 [main] WARN  o.s.b.a.s.s.UserDetailsServiceAutoConfiguration - 

Using generated security password: 9b7a774f-d1b3-4dc3-be4a-09eb122232a5

This generated password is for development use only. Your security configuration must be updated before running your application in production.

2026-02-14 21:05:11.046 [main] INFO  o.s.s.c.a.a.c.InitializeUserDetailsBeanManagerConfigurer$InitializeUserDetailsManagerConfigurer - Global AuthenticationManager configured with UserDetailsService bean with name inMemoryUserDetailsManager
2026-02-14 21:05:11.126 [main] INFO  o.s.b.a.e.web.EndpointLinksResolver - Exposing 1 endpoint beneath base path '/actuator'
2026-02-14 21:05:11.232 [main] INFO  o.a.coyote.http11.Http11NioProtocol - Starting ProtocolHandler ["http-nio-8080"]
2026-02-14 21:05:11.239 [main] INFO  o.s.b.w.e.tomcat.TomcatWebServer - Tomcat started on port 8080 (http) with context path '/'
2026-02-14 21:05:11.249 [main] INFO  com.matvey.cinema.CinemaApplication - Started CinemaApplication in 4.244 seconds (process running for 4.67)
2026-02-14 21:05:11.775 [RMI TCP Connection(1)-127.0.0.1] INFO  o.a.c.c.C.[Tomcat].[localhost].[/] - Initializing Spring DispatcherServlet 'dispatcherServlet'
2026-02-14 21:05:11.775 [RMI TCP Connection(1)-127.0.0.1] INFO  o.s.web.servlet.DispatcherServlet - Initializing Servlet 'dispatcherServlet'
2026-02-14 21:05:11.777 [RMI TCP Connection(1)-127.0.0.1] INFO  o.s.web.servlet.DispatcherServlet - Completed initialization in 1 ms
2026-02-14 21:06:58.158 [SpringApplicationShutdownHook] INFO  o.s.b.w.e.tomcat.GracefulShutdown - Commencing graceful shutdown. Waiting for active requests to complete
2026-02-14 21:06:58.160 [tomcat-shutdown] INFO  o.s.b.w.e.tomcat.GracefulShutdown - Graceful shutdown complete
2026-02-14 21:06:58.165 [SpringApplicationShutdownHook] INFO  o.s.o.j.LocalContainerEntityManagerFactoryBean - Closing JPA EntityManagerFactory for persistence unit 'default'
2026-02-14 21:06:58.166 [SpringApplicationShutdownHook] INFO  com.zaxxer.hikari.HikariDataSource - HikariPool-1 - Shutdown initiated...
2026-02-14 21:06:58.169 [SpringApplicationShutdownHook] INFO  com.zaxxer.hikari.HikariDataSource - HikariPool-1 - Shutdown completed.
2026-02-14 21:07:32.089 [background-preinit] INFO  o.h.validator.internal.util.Version - HV000001: Hibernate Validator 8.0.2.Final
2026-02-14 21:07:32.118 [main] INFO  com.matvey.cinema.CinemaApplication - Starting CinemaApplication using Java 23.0.2 with PID 41555 (/home/dimin/buy-ticket-application/code/CinemaPro/target/classes started by dimin in /home/dimin/buy-ticket-application/code/CinemaPro)
2026-02-14 21:07:32.118 [main] DEBUG com.matvey.cinema.CinemaApplication - Running with Spring Boot v3.4.2, Spring v6.2.2
2026-02-14 21:07:32.119 [main] INFO  com.matvey.cinema.CinemaApplication - No active profile set, falling back to 1 default profile: "default"
2026-02-14 21:07:32.710 [main] INFO  o.s.d.r.c.RepositoryConfigurationDelegate - Bootstrapping Spring Data JPA repositories in DEFAULT mode.
2026-02-14 21:07:32.752 [main] INFO  o.s.d.r.c.RepositoryConfigurationDelegate - Finished Spring Data repository scanning in 36 ms. Found 7 JPA repository interfaces.
2026-02-14 21:07:33.168 [main] INFO  o.s.b.w.e.tomcat.TomcatWebServer - Tomcat initialized with port 8080 (http)
2026-02-14 21:07:33.174 [main] INFO  o.a.coyote.http11.Http11NioProtocol - Initializing ProtocolHandler ["http-nio-8080"]
2026-02-14 21:07:33.175 [main] INFO  o.a.catalina.core.StandardService - Starting service [Tomcat]
2026-02-14 21:07:33.175 [main] INFO  o.a.catalina.core.StandardEngine - Starting Servlet engine: [Apache Tomcat/10.1.34]
2026-02-14 21:07:33.199 [main] INFO  o.a.c.c.C.[Tomcat].[localhost].[/] - Initializing Spring embedded WebApplicationContext
2026-02-14 21:07:33.199 [main] INFO  o.s.b.w.s.c.ServletWebServerApplicationContext - Root WebApplicationContext: initialization completed in 1049 ms
2026-02-14 21:07:33.365 [main] INFO  o.h.jpa.internal.util.LogHelper - HHH000204: Processing PersistenceUnitInfo [name: default]
2026-02-14 21:07:33.396 [main] INFO  org.hibernate.Version - HHH000412: Hibernate ORM core version 6.6.5.Final
2026-02-14 21:07:33.412 [main] INFO  o.h.c.i.RegionFactoryInitiator - HHH000026: Second-level cache disabled
2026-02-14 21:07:33.547 [main] INFO  o.s.o.j.p.SpringPersistenceUnitInfo - No LoadTimeWeaver setup: ignoring JPA class transformer
2026-02-14 21:07:33.563 [main] INFO  com.zaxxer.hikari.HikariDataSource - HikariPool-1 - Starting...
2026-02-14 21:07:33.773 [main] INFO  com.zaxxer.hikari.pool.HikariPool - HikariPool-1 - Added connection com.mysql.cj.jdbc.ConnectionImpl@3adeca1f
2026-02-14 21:07:33.774 [main] INFO  com.zaxxer.hikari.HikariDataSource - HikariPool-1 - Start completed.
2026-02-14 21:07:33.797 [main] WARN  org.hibernate.orm.deprecation - HHH90000025: MySQL8Dialect does not need to be specified explicitly using 'hibernate.dialect' (remove the property setting and it will be selected by default)
2026-02-14 21:07:33.797 [main] WARN  org.hibernate.orm.deprecation - HHH90000026: MySQL8Dialect has been deprecated; use org.hibernate.dialect.MySQLDialect instead
2026-02-14 21:07:33.807 [main] INFO  o.hibernate.orm.connections.pooling - HHH10001005: Database info:
	Database JDBC URL [Connecting through datasource 'HikariDataSource (HikariPool-1)']
	Database driver: undefined/unknown
	Database version: 8.0
	Autocommit mode: undefined/unknown
	Isolation level: undefined/unknown
	Minimum pool size: undefined/unknown
	Maximum pool size: undefined/unknown
2026-02-14 21:07:34.406 [main] INFO  o.h.e.t.j.p.i.JtaPlatformInitiator - HHH000489: No JTA platform available (set 'hibernate.transaction.jta.platform' to enable JTA platform integration)
2026-02-14 21:07:34.469 [main] INFO  o.s.o.j.LocalContainerEntityManagerFactoryBean - Initialized JPA EntityManagerFactory for persistence unit 'default'
2026-02-14 21:07:34.732 [main] INFO  o.s.d.j.r.query.QueryEnhancerFactory - Hibernate is in classpath; If applicable, HQL parser will be used.
2026-02-14 21:07:35.154 [main] INFO  c.matvey.cinema.config.JacksonConfig - Configuring ObjectMapper with custom settings and modules.
2026-02-14 21:07:35.155 [main] INFO  c.matvey.cinema.config.JacksonConfig - Hibernate5JakartaModule registered with ObjectMapper.
2026-02-14 21:07:35.263 [main] WARN  o.s.b.a.o.j.JpaBaseConfiguration$JpaWebConfiguration - spring.jpa.open-in-view is enabled by default. Therefore, database queries may be performed during view rendering. Explicitly configure spring.jpa.open-in-view to disable this warning
2026-02-14 21:07:35.801 [main] WARN  o.s.b.a.s.s.UserDetailsServiceAutoConfiguration - 

Using generated security password: 55fc6c26-8866-4e69-8842-ed5cae8f9df1

This generated password is for development use only. Your security configuration must be updated before running your application in production.

2026-02-14 21:07:35.805 [main] INFO  o.s.s.c.a.a.c.InitializeUserDetailsBeanManagerConfigurer$InitializeUserDetailsManagerConfigurer - Global AuthenticationManager configured with UserDetailsService bean with name inMemoryUserDetailsManager
2026-02-14 21:07:35.892 [main] INFO  o.s.b.a.e.web.EndpointLinksResolver - Exposing 1 endpoint beneath base path '/actuator'
2026-02-14 21:07:36.007 [main] INFO  o.a.coyote.http11.Http11NioProtocol - Starting ProtocolHandler ["http-nio-8080"]
2026-02-14 21:07:36.019 [main] INFO  o.s.b.w.e.tomcat.TomcatWebServer - Tomcat started on port 8080 (http) with context path '/'
2026-02-14 21:07:36.029 [main] INFO  com.matvey.cinema.CinemaApplication - Started CinemaApplication in 4.14 seconds (process running for 4.643)
2026-02-14 21:07:36.563 [RMI TCP Connection(1)-127.0.0.1] INFO  o.a.c.c.C.[Tomcat].[localhost].[/] - Initializing Spring DispatcherServlet 'dispatcherServlet'
2026-02-14 21:07:36.563 [RMI TCP Connection(1)-127.0.0.1] INFO  o.s.web.servlet.DispatcherServlet - Initializing Servlet 'dispatcherServlet'
2026-02-14 21:07:36.564 [RMI TCP Connection(1)-127.0.0.1] INFO  o.s.web.servlet.DispatcherServlet - Completed initialization in 1 ms
2026-02-14 21:08:17.359 [SpringApplicationShutdownHook] INFO  o.s.b.w.e.tomcat.GracefulShutdown - Commencing graceful shutdown. Waiting for active requests to complete
2026-02-14 21:08:17.360 [tomcat-shutdown] INFO  o.s.b.w.e.tomcat.GracefulShutdown - Graceful shutdown complete
2026-02-14 21:08:17.365 [SpringApplicationShutdownHook] INFO  o.s.o.j.LocalContainerEntityManagerFactoryBean - Closing JPA EntityManagerFactory for persistence unit 'default'
2026-02-14 21:08:17.366 [SpringApplicationShutdownHook] INFO  com.zaxxer.hikari.HikariDataSource - HikariPool-1 - Shutdown initiated...
2026-02-14 21:08:17.369 [SpringApplicationShutdownHook] INFO  com.zaxxer.hikari.HikariDataSource - HikariPool-1 - Shutdown completed.
2026-02-14 21:08:21.048 [background-preinit] INFO  o.h.validator.internal.util.Version - HV000001: Hibernate Validator 8.0.2.Final
2026-02-14 21:08:21.075 [main] INFO  com.matvey.cinema.CinemaApplication - Starting CinemaApplication using Java 23.0.2 with PID 41804 (/home/dimin/buy-ticket-application/code/CinemaPro/target/classes started by dimin in /home/dimin/buy-ticket-application/code/CinemaPro)
2026-02-14 21:08:21.075 [main] DEBUG com.matvey.cinema.CinemaApplication - Running with Spring Boot v3.4.2, Spring v6.2.2
2026-02-14 21:08:21.076 [main] INFO  com.matvey.cinema.CinemaApplication - No active profile set, falling back to 1 default profile: "default"
2026-02-14 21:08:21.673 [main] INFO  o.s.d.r.c.RepositoryConfigurationDelegate - Bootstrapping Spring Data JPA repositories in DEFAULT mode.
2026-02-14 21:08:21.712 [main] INFO  o.s.d.r.c.RepositoryConfigurationDelegate - Finished Spring Data repository scanning in 33 ms. Found 7 JPA repository interfaces.
2026-02-14 21:08:22.123 [main] INFO  o.s.b.w.e.tomcat.TomcatWebServer - Tomcat initialized with port 8080 (http)
2026-02-14 21:08:22.129 [main] INFO  o.a.coyote.http11.Http11NioProtocol - Initializing ProtocolHandler ["http-nio-8080"]
2026-02-14 21:08:22.130 [main] INFO  o.a.catalina.core.StandardService - Starting service [Tomcat]
2026-02-14 21:08:22.130 [main] INFO  o.a.catalina.core.StandardEngine - Starting Servlet engine: [Apache Tomcat/10.1.34]
2026-02-14 21:08:22.154 [main] INFO  o.a.c.c.C.[Tomcat].[localhost].[/] - Initializing Spring embedded WebApplicationContext
2026-02-14 21:08:22.154 [main] INFO  o.s.b.w.s.c.ServletWebServerApplicationContext - Root WebApplicationContext: initialization completed in 1049 ms
2026-02-14 21:08:22.332 [main] INFO  o.h.jpa.internal.util.LogHelper - HHH000204: Processing PersistenceUnitInfo [name: default]
2026-02-14 21:08:22.360 [main] INFO  org.hibernate.Version - HHH000412: Hibernate ORM core version 6.6.5.Final
2026-02-14 21:08:22.378 [main] INFO  o.h.c.i.RegionFactoryInitiator - HHH000026: Second-level cache disabled
2026-02-14 21:08:22.525 [main] INFO  o.s.o.j.p.SpringPersistenceUnitInfo - No LoadTimeWeaver setup: ignoring JPA class transformer
2026-02-14 21:08:22.542 [main] INFO  com.zaxxer.hikari.HikariDataSource - HikariPool-1 - Starting...
2026-02-14 21:08:22.778 [main] INFO  com.zaxxer.hikari.pool.HikariPool - HikariPool-1 - Added connection com.mysql.cj.jdbc.ConnectionImpl@79e9c14
2026-02-14 21:08:22.779 [main] INFO  com.zaxxer.hikari.HikariDataSource - HikariPool-1 - Start completed.
2026-02-14 21:08:22.805 [main] WARN  org.hibernate.orm.deprecation - HHH90000025: MySQL8Dialect does not need to be specified explicitly using 'hibernate.dialect' (remove the property setting and it will be selected by default)
2026-02-14 21:08:22.806 [main] WARN  org.hibernate.orm.deprecation - HHH90000026: MySQL8Dialect has been deprecated; use org.hibernate.dialect.MySQLDialect instead
2026-02-14 21:08:22.816 [main] INFO  o.hibernate.orm.connections.pooling - HHH10001005: Database info:
	Database JDBC URL [Connecting through datasource 'HikariDataSource (HikariPool-1)']
	Database driver: undefined/unknown
	Database version: 8.0
	Autocommit mode: undefined/unknown
	Isolation level: undefined/unknown
	Minimum pool size: undefined/unknown
	Maximum pool size: undefined/unknown
2026-02-14 21:08:23.425 [main] INFO  o.h.e.t.j.p.i.JtaPlatformInitiator - HHH000489: No JTA platform available (set 'hibernate.transaction.jta.platform' to enable JTA platform integration)
2026-02-14 21:08:23.482 [main] INFO  o.s.o.j.LocalContainerEntityManagerFactoryBean - Initialized JPA EntityManagerFactory for persistence unit 'default'
2026-02-14 21:08:23.725 [main] INFO  o.s.d.j.r.query.QueryEnhancerFactory - Hibernate is in classpath; If applicable, HQL parser will be used.
2026-02-14 21:08:24.112 [main] INFO  c.matvey.cinema.config.JacksonConfig - Configuring ObjectMapper with custom settings and modules.
2026-02-14 21:08:24.113 [main] INFO  c.matvey.cinema.config.JacksonConfig - Hibernate5JakartaModule registered with ObjectMapper.
2026-02-14 21:08:24.224 [main] WARN  o.s.b.a.o.j.JpaBaseConfiguration$JpaWebConfiguration - spring.jpa.open-in-view is enabled by default. Therefore, database queries may be performed during view rendering. Explicitly configure spring.jpa.open-in-view to disable this warning
2026-02-14 21:08:24.772 [main] WARN  o.s.b.a.s.s.UserDetailsServiceAutoConfiguration - 

Using generated security password: affda902-6259-41c0-a7f1-50442c8ff08e

This generated password is for development use only. Your security configuration must be updated before running your application in production.

2026-02-14 21:08:24.777 [main] INFO  o.s.s.c.a.a.c.InitializeUserDetailsBeanManagerConfigurer$InitializeUserDetailsManagerConfigurer - Global AuthenticationManager configured with UserDetailsService bean with name inMemoryUserDetailsManager
2026-02-14 21:08:24.853 [main] INFO  o.s.b.a.e.web.EndpointLinksResolver - Exposing 1 endpoint beneath base path '/actuator'
2026-02-14 21:08:24.967 [main] INFO  o.a.coyote.http11.Http11NioProtocol - Starting ProtocolHandler ["http-nio-8080"]
2026-02-14 21:08:24.974 [main] INFO  o.s.b.w.e.tomcat.TomcatWebServer - Tomcat started on port 8080 (http) with context path '/'
2026-02-14 21:08:24.986 [main] INFO  com.matvey.cinema.CinemaApplication - Started CinemaApplication in 4.105 seconds (process running for 4.534)
2026-02-14 21:08:25.114 [RMI TCP Connection(2)-127.0.0.1] INFO  o.a.c.c.C.[Tomcat].[localhost].[/] - Initializing Spring DispatcherServlet 'dispatcherServlet'
2026-02-14 21:08:25.114 [RMI TCP Connection(2)-127.0.0.1] INFO  o.s.web.servlet.DispatcherServlet - Initializing Servlet 'dispatcherServlet'
2026-02-14 21:08:25.116 [RMI TCP Connection(2)-127.0.0.1] INFO  o.s.web.servlet.DispatcherServlet - Completed initialization in 2 ms
2026-02-14 21:09:58.718 [SpringApplicationShutdownHook] INFO  o.s.b.w.e.tomcat.GracefulShutdown - Commencing graceful shutdown. Waiting for active requests to complete
2026-02-14 21:09:58.719 [tomcat-shutdown] INFO  o.s.b.w.e.tomcat.GracefulShutdown - Graceful shutdown complete
2026-02-14 21:09:58.725 [SpringApplicationShutdownHook] INFO  o.s.o.j.LocalContainerEntityManagerFactoryBean - Closing JPA EntityManagerFactory for persistence unit 'default'
2026-02-14 21:09:58.726 [SpringApplicationShutdownHook] INFO  com.zaxxer.hikari.HikariDataSource - HikariPool-1 - Shutdown initiated...
2026-02-14 21:09:58.730 [SpringApplicationShutdownHook] INFO  com.zaxxer.hikari.HikariDataSource - HikariPool-1 - Shutdown completed.
2026-02-14 21:10:01.111 [background-preinit] INFO  o.h.validator.internal.util.Version - HV000001: Hibernate Validator 8.0.2.Final
2026-02-14 21:10:01.138 [main] INFO  com.matvey.cinema.CinemaApplication - Starting CinemaApplication using Java 23.0.2 with PID 42165 (/home/dimin/buy-ticket-application/code/CinemaPro/target/classes started by dimin in /home/dimin/buy-ticket-application/code/CinemaPro)
2026-02-14 21:10:01.138 [main] DEBUG com.matvey.cinema.CinemaApplication - Running with Spring Boot v3.4.2, Spring v6.2.2
2026-02-14 21:10:01.139 [main] INFO  com.matvey.cinema.CinemaApplication - No active profile set, falling back to 1 default profile: "default"
2026-02-14 21:10:01.743 [main] INFO  o.s.d.r.c.RepositoryConfigurationDelegate - Bootstrapping Spring Data JPA repositories in DEFAULT mode.
2026-02-14 21:10:01.781 [main] INFO  o.s.d.r.c.RepositoryConfigurationDelegate - Finished Spring Data repository scanning in 33 ms. Found 7 JPA repository interfaces.
2026-02-14 21:10:02.200 [main] INFO  o.s.b.w.e.tomcat.TomcatWebServer - Tomcat initialized with port 8080 (http)
2026-02-14 21:10:02.207 [main] INFO  o.a.coyote.http11.Http11NioProtocol - Initializing ProtocolHandler ["http-nio-8080"]
2026-02-14 21:10:02.207 [main] INFO  o.a.catalina.core.StandardService - Starting service [Tomcat]
2026-02-14 21:10:02.208 [main] INFO  o.a.catalina.core.StandardEngine - Starting Servlet engine: [Apache Tomcat/10.1.34]
2026-02-14 21:10:02.232 [main] INFO  o.a.c.c.C.[Tomcat].[localhost].[/] - Initializing Spring embedded WebApplicationContext
2026-02-14 21:10:02.232 [main] INFO  o.s.b.w.s.c.ServletWebServerApplicationContext - Root WebApplicationContext: initialization completed in 1062 ms
2026-02-14 21:10:02.402 [main] INFO  o.h.jpa.internal.util.LogHelper - HHH000204: Processing PersistenceUnitInfo [name: default]
2026-02-14 21:10:02.431 [main] INFO  org.hibernate.Version - HHH000412: Hibernate ORM core version 6.6.5.Final
2026-02-14 21:10:02.450 [main] INFO  o.h.c.i.RegionFactoryInitiator - HHH000026: Second-level cache disabled
2026-02-14 21:10:02.593 [main] INFO  o.s.o.j.p.SpringPersistenceUnitInfo - No LoadTimeWeaver setup: ignoring JPA class transformer
2026-02-14 21:10:02.609 [main] INFO  com.zaxxer.hikari.HikariDataSource - HikariPool-1 - Starting...
2026-02-14 21:10:02.828 [main] INFO  com.zaxxer.hikari.pool.HikariPool - HikariPool-1 - Added connection com.mysql.cj.jdbc.ConnectionImpl@23aaa756
2026-02-14 21:10:02.830 [main] INFO  com.zaxxer.hikari.HikariDataSource - HikariPool-1 - Start completed.
2026-02-14 21:10:02.853 [main] WARN  org.hibernate.orm.deprecation - HHH90000025: MySQL8Dialect does not need to be specified explicitly using 'hibernate.dialect' (remove the property setting and it will be selected by default)
2026-02-14 21:10:02.853 [main] WARN  org.hibernate.orm.deprecation - HHH90000026: MySQL8Dialect has been deprecated; use org.hibernate.dialect.MySQLDialect instead
2026-02-14 21:10:02.863 [main] INFO  o.hibernate.orm.connections.pooling - HHH10001005: Database info:
	Database JDBC URL [Connecting through datasource 'HikariDataSource (HikariPool-1)']
	Database driver: undefined/unknown
	Database version: 8.0
	Autocommit mode: undefined/unknown
	Isolation level: undefined/unknown
	Minimum pool size: undefined/unknown
	Maximum pool size: undefined/unknown
2026-02-14 21:10:03.435 [main] INFO  o.h.e.t.j.p.i.JtaPlatformInitiator - HHH000489: No JTA platform available (set 'hibernate.transaction.jta.platform' to enable JTA platform integration)
2026-02-14 21:10:03.492 [main] INFO  o.s.o.j.LocalContainerEntityManagerFactoryBean - Initialized JPA EntityManagerFactory for persistence unit 'default'
2026-02-14 21:10:03.751 [main] INFO  o.s.d.j.r.query.QueryEnhancerFactory - Hibernate is in classpath; If applicable, HQL parser will be used.
2026-02-14 21:10:04.146 [main] INFO  c.matvey.cinema.config.JacksonConfig - Configuring ObjectMapper with custom settings and modules.
2026-02-14 21:10:04.146 [main] INFO  c.matvey.cinema.config.JacksonConfig - Hibernate5JakartaModule registered with ObjectMapper.
2026-02-14 21:10:04.252 [main] WARN  o.s.b.a.o.j.JpaBaseConfiguration$JpaWebConfiguration - spring.jpa.open-in-view is enabled by default. Therefore, database queries may be performed during view rendering. Explicitly configure spring.jpa.open-in-view to disable this warning
2026-02-14 21:10:04.765 [main] WARN  o.s.b.a.s.s.UserDetailsServiceAutoConfiguration - 

Using generated security password: 0df719a3-9db4-4a7e-b98e-9cb672cde3d5

This generated password is for development use only. Your security configuration must be updated before running your application in production.

2026-02-14 21:10:04.773 [main] INFO  o.s.s.c.a.a.c.InitializeUserDetailsBeanManagerConfigurer$InitializeUserDetailsManagerConfigurer - Global AuthenticationManager configured with UserDetailsService bean with name inMemoryUserDetailsManager
2026-02-14 21:10:04.846 [main] INFO  o.s.b.a.e.web.EndpointLinksResolver - Exposing 1 endpoint beneath base path '/actuator'
2026-02-14 21:10:04.958 [main] INFO  o.a.coyote.http11.Http11NioProtocol - Starting ProtocolHandler ["http-nio-8080"]
2026-02-14 21:10:04.970 [main] INFO  o.s.b.w.e.tomcat.TomcatWebServer - Tomcat started on port 8080 (http) with context path '/'
2026-02-14 21:10:04.981 [main] INFO  com.matvey.cinema.CinemaApplication - Started CinemaApplication in 4.047 seconds (process running for 4.502)
2026-02-14 21:10:05.155 [RMI TCP Connection(3)-127.0.0.1] INFO  o.a.c.c.C.[Tomcat].[localhost].[/] - Initializing Spring DispatcherServlet 'dispatcherServlet'
2026-02-14 21:10:05.155 [RMI TCP Connection(3)-127.0.0.1] INFO  o.s.web.servlet.DispatcherServlet - Initializing Servlet 'dispatcherServlet'
2026-02-14 21:10:05.157 [RMI TCP Connection(3)-127.0.0.1] INFO  o.s.web.servlet.DispatcherServlet - Completed initialization in 2 ms
2026-02-14 21:11:27.482 [SpringApplicationShutdownHook] INFO  o.s.b.w.e.tomcat.GracefulShutdown - Commencing graceful shutdown. Waiting for active requests to complete
2026-02-14 21:11:27.483 [tomcat-shutdown] INFO  o.s.b.w.e.tomcat.GracefulShutdown - Graceful shutdown complete
2026-02-14 21:11:27.488 [SpringApplicationShutdownHook] INFO  o.s.o.j.LocalContainerEntityManagerFactoryBean - Closing JPA EntityManagerFactory for persistence unit 'default'
2026-02-14 21:11:27.489 [SpringApplicationShutdownHook] INFO  com.zaxxer.hikari.HikariDataSource - HikariPool-1 - Shutdown initiated...
2026-02-14 21:11:27.492 [SpringApplicationShutdownHook] INFO  com.zaxxer.hikari.HikariDataSource - HikariPool-1 - Shutdown completed.
